stock_code,chinese_name,ISIN_code,listing_date,stock_type
1101,台泥,TW0001101004,1962/2/9,水泥工業
1102,亞泥,TW0001102002,1962/6/8,水泥工業
1103,嘉泥,TW0001103000,1969/11/14,水泥工業
1104,環泥,TW0001104008,1971/2/1,水泥工業
1108,幸福,TW0001108009,1990/6/6,水泥工業
1109,信大,TW0001109007,1991/12/5,水泥工業
1110,東泥,TW0001110005,1994/10/22,水泥工業
1201,味全,TW0001201002,1962/2/9,食品工業
1203,味王,TW0001203008,1964/8/24,食品工業
1210,大成,TW0001210003,1978/5/20,食品工業
1213,大飲,TW0001213007,1981/4/10,食品工業
1215,卜蜂,TW0001215002,1987/7/27,食品工業
1216,統一,TW0001216000,1987/12/28,食品工業
1217,愛之味,TW0001217008,1989/10/28,食品工業
1218,泰山,TW0001218006,1989/11/11,食品工業
1219,福壽,TW0001219004,1990/12/1,食品工業
1220,台榮,TW0001220002,1991/11/20,食品工業
1225,福懋油,TW0001225001,1993/9/27,食品工業
1227,佳格,TW0001227007,1994/4/9,食品工業
1229,聯華,TW0001229003,1976/7/19,食品工業
1231,聯華食,TW0001231009,1995/11/2,食品工業
1232,大統益,TW0001232007,1996/2/9,食品工業
1233,天仁,TW0001233005,1999/1/20,食品工業
1234,黑松,TW0001234003,1999/3/12,食品工業
1235,興泰,TW0001235000,2000/9/11,食品工業
1236,宏亞,TW0001236008,2001/9/17,食品工業
1256,鮮活果汁-KY,KYG858681003,2016/3/17,食品工業
1301,台塑,TW0001301000,1964/7/27,塑膠工業
1303,南亞,TW0001303006,1967/11/5,塑膠工業
1304,台聚,TW0001304004,1972/5/20,塑膠工業
1305,華夏,TW0001305001,1973/3/5,塑膠工業
1307,三芳,TW0001307007,1985/11/23,塑膠工業
1308,亞聚,TW0001308005,1986/6/20,塑膠工業
1309,台達化,TW0001309003,1986/6/27,塑膠工業
1310,台苯,TW0001310001,1987/8/6,塑膠工業
1312,國喬,TW0001312007,1988/12/21,塑膠工業
1313,聯成,TW0001313005,1989/3/27,塑膠工業
1314,中石化,TW0001314003,1991/7/12,塑膠工業
1315,達新,TW0001315000,1992/5/9,塑膠工業
1316,上曜,TW0001316008,1992/10/15,建材營造業
1319,東陽,TW0001319002,1994/12/12,汽車工業
1321,大洋,TW0001321008,1999/1/26,塑膠工業
1323,永裕,TW0001323004,2000/9/11,塑膠工業
1324,地球,TW0001324002,2000/9/11,塑膠工業
1325,恆大,TW0001325009,2000/9/11,塑膠工業
1326,台化,TW0001326007,1984/12/20,塑膠工業
1337,再生-KY,KYG0539R1039,2011/7/1,塑膠工業
1338,廣華-KY,KYG451001070,2012/12/19,汽車工業
1339,昭輝,TW0001339000,2012/4/24,汽車工業
1340,勝悅-KY,KYG935971054,2013/12/6,塑膠工業
1341,富林-KY,KYG3730M1050,2018/12/24,塑膠工業
1402,遠東新,TW0001402006,1967/4/14,紡織纖維
1409,新纖,TW0001409001,1973/8/31,紡織纖維
1410,南染,TW0001410009,1973/10/18,紡織纖維
1413,宏洲,TW0001413003,1975/12/23,紡織纖維
1414,東和,TW0001414001,1976/2/2,紡織纖維
1416,廣豐,TW0001416006,1976/4/20,紡織纖維
1417,嘉裕,TW0001417004,1976/12/28,紡織纖維
1418,東華,TW0001418002,1977/2/14,紡織纖維
1419,新紡,TW0001419000,1977/3/14,紡織纖維
1423,利華,TW0001423002,1979/4/2,紡織纖維
1432,大魯閣,TW0001432003,1982/7/26,貿易百貨業
1434,福懋,TW0001434009,1985/12/24,紡織纖維
1435,中福,TW0001435006,1987/12/28,其他業
1436,華友聯,TW0001436004,1988/4/11,建材營造業
1437,勤益控,TW0001437002,1988/11/10,其他業
1438,裕豐,TW0001438000,1988/12/15,建材營造業
1439,中和,TW0001439008,1989/5/22,紡織纖維
1440,南紡,TW0001440006,1989/10/3,紡織纖維
1441,大東,TW0001441004,1989/10/27,紡織纖維
1442,名軒,TW0001442002,1989/11/16,建材營造業
1443,立益,TW0001443000,1990/4/21,紡織纖維
1444,力麗,TW0001444008,1990/8/8,紡織纖維
1445,大宇,TW0001445005,1991/2/5,紡織纖維
1446,宏和,TW0001446003,1991/10/15,紡織纖維
1447,力鵬,TW0001447001,1992/1/28,紡織纖維
1449,佳和,TW0001449007,1992/3/12,紡織纖維
1451,年興,TW0001451003,1992/12/21,紡織纖維
1452,宏益,TW0001452001,1992/12/28,紡織纖維
1453,大將,TW0001453009,1993/4/19,紡織纖維
1454,台富,TW0001454007,1993/5/7,紡織纖維
1455,集盛,TW0001455004,1993/10/7,紡織纖維
1456,怡華,TW0001456002,1993/12/9,紡織纖維
1457,宜進,TW0001457000,1994/10/20,紡織纖維
1459,聯發,TW0001459006,1994/10/26,紡織纖維
1460,宏遠,TW0001460004,1995/4/28,紡織纖維
1463,強盛,TW0001463008,1996/12/5,紡織纖維
1464,得力,TW0001464006,1997/1/18,紡織纖維
1465,偉全,TW0001465003,1997/9/8,紡織纖維
1466,聚隆,TW0001466001,1998/4/4,紡織纖維
1467,南緯,TW0001467009,1998/12/21,紡織纖維
1468,昶和,TW0001468007,1999/1/21,紡織纖維
1470,大統新創,TW0001470003,1999/5/21,紡織纖維
1471,首利,TW0001471001,2000/3/6,電子零組件業
1472,三洋紡,TW0001472009,2000/9/11,紡織纖維
1473,台南,TW0001473007,2000/9/11,紡織纖維
1474,弘裕,TW0001474005,2000/10/31,紡織纖維
1475,本盟,TW0001475002,2000/10/27,紡織纖維
1476,儒鴻,TW0001476000,2001/4/18,紡織纖維
1477,聚陽,TW0001477008,2003/1/21,紡織纖維
1503,士電,TW0001503001,1969/12/15,電機機械
1504,東元,TW0001504009,1973/11/5,電機機械
1506,正道,TW0001506004,1980/8/11,電機機械
1507,永大,TW0001507002,1989/11/9,電機機械
1512,瑞利,TW0001512002,1994/1/28,汽車工業
1513,中興電,TW0001513000,1994/3/8,電機機械
1514,亞力,TW0001514008,1994/3/26,電機機械
1515,力山,TW0001515005,1995/2/4,電機機械
1516,川飛,TW0001516003,1995/4/1,其他業
1517,利奇,TW0001517001,1995/11/14,電機機械
1519,華城,TW0001519007,1997/4/16,電機機械
1521,大億,TW0001521003,1997/10/6,汽車工業
1522,堤維西,TW0001522001,1997/10/6,汽車工業
1524,耿鼎,TW0001524007,1998/10/30,汽車工業
1525,江申,TW0001525004,1999/5/15,汽車工業
1526,日馳,TW0001526002,2000/3/27,電機機械
1527,鑽全,TW0001527000,2000/6/21,電機機械
1528,恩德,TW0001528008,2000/9/11,電機機械
1529,樂士,TW0001529006,2000/9/11,電機機械
1530,亞崴,TW0001530004,2000/9/11,電機機械
1531,高林股,TW0001531002,2000/9/11,電機機械
1532,勤美,TW0001532000,2000/9/11,電機機械
1533,車王電,TW0001533008,2001/4/6,汽車工業
1535,中宇,TW0001535003,2001/9/17,電機機械
1536,和大,TW0001536001,2001/9/17,汽車工業
1537,廣隆,TW0001537009,2002/1/22,電機機械
1538,正峰新,TW0001538007,2002/8/26,電機機械
1539,巨庭,TW0001539005,2002/10/29,電機機械
1540,喬福,TW0001540003,2002/8/26,電機機械
1541,錩泰,TW0001541001,2003/3/19,電機機械
1558,伸興,TW0001558005,2014/12/23,電機機械
1560,中砂,TW0001560001,2005/1/31,電機機械
1568,倉佑,TW0001568004,2014/5/14,汽車工業
1582,信錦,TW0001582005,2009/12/17,電子零組件業
1583,程泰,TW0001583003,2008/1/24,電機機械
1587,吉茂,TW0001587004,2018/4/16,汽車工業
1589,永冠-KY,KYG984291065,2012/4/27,電機機械
1590,亞德客-KY,KYG014081064,2010/12/13,電機機械
1592,英瑞-KY,KYG316231045,2014/10/16,汽車工業
1598,岱宇,TW0001598001,2016/9/20,生技醫療業
1603,華電,TW0001603009,1968/6/3,電器電纜
1604,聲寶,TW0001604007,1970/12/14,電器電纜
1605,華新,TW0001605004,1972/11/3,電器電纜
1608,華榮,TW0001608008,1988/7/11,電器電纜
1609,大亞,TW0001609006,1988/12/12,電器電纜
1611,中電,TW0001611002,1990/1/16,電器電纜
1612,宏泰,TW0001612000,1993/5/8,電器電纜
1614,三洋電,TW0001614006,1997/9/18,電器電纜
1615,大山,TW0001615003,2000/3/30,電器電纜
1616,億泰,TW0001616001,2000/9/11,電器電纜
1617,榮星,TW0001617009,2000/9/11,電器電纜
1618,合機,TW0001618007,2000/9/11,電器電纜
1626,艾美特-KY,KYG0135T1076,2013/3/21,電器電纜
1701,中化,TW0001701001,1962/2/9,生技醫療業
1702,南僑,TW0001702009,1973/5/30,食品工業
1707,葡萄王,TW0001707008,1982/12/20,生技醫療業
1708,東鹼,TW0001708006,1986/6/16,化學工業
1709,和益,TW0001709004,1986/7/3,化學工業
1710,東聯,TW0001710002,1987/10/21,化學工業
1711,永光,TW0001711000,1988/12/27,化學工業
1712,興農,TW0001712008,1989/12/14,化學工業
1713,國化,TW0001713006,1990/1/31,化學工業
1714,和桐,TW0001714004,1991/8/30,化學工業
1717,長興,TW0001717007,1994/3/31,化學工業
1718,中纖,TW0001718005,1963/12/2,化學工業
1720,生達,TW0001720001,1995/12/12,生技醫療業
1721,三晃,TW0001721009,1996/5/16,化學工業
1722,台肥,TW0001722007,1998/3/24,化學工業
1723,中碳,TW0001723005,1998/11/27,化學工業
1724,台硝,TW0001724003,1995/3/30,化學工業
1725,元禎,TW0001725000,2000/9/11,化學工業
1726,永記,TW0001726008,2000/9/11,化學工業
1727,中華化,TW0001727006,2000/9/11,化學工業
1730,花仙子,TW0001730000,2001/9/17,化學工業
1731,美吾華,TW0001731008,2001/9/17,生技醫療業
1732,毛寶,TW0001732006,2001/9/17,化學工業
1733,五鼎,TW0001733004,2001/9/17,生技醫療業
1734,杏輝,TW0001734002,2002/8/26,生技醫療業
1735,日勝化,TW0001735009,2002/8/26,化學工業
1736,喬山,TW0001736007,2003/1/9,生技醫療業
1737,臺鹽,TW0001737005,2003/11/18,食品工業
1760,寶齡富錦,TW0001760007,2018/1/23,生技醫療業
1762,中化生,TW0001762003,2010/12/20,生技醫療業
1773,勝一,TW0001773000,2009/2/27,化學工業
1776,展宇,TW0001776003,2016/5/9,化學工業
1783,和康生,TW0001783009,2013/12/20,生技醫療業
1786,科妍,TW0001786002,2013/11/12,生技醫療業
1789,神隆,TW0001789006,2011/9/29,生技醫療業
1795,美時,TW0001795003,2019/12/16,生技醫療業
1802,台玻,TW0001802007,1973/7/20,玻璃陶瓷
1805,寶徠,TW0001805000,1989/10/20,建材營造業
1806,冠軍,TW0001806008,1992/9/29,玻璃陶瓷
1808,潤隆,TW0001808004,1994/10/26,建材營造業
1809,中釉,TW0001809002,1996/4/30,玻璃陶瓷
1810,和成,TW0001810000,1991/10/14,玻璃陶瓷
1817,凱撒衛,TW0001817005,2013/10/24,玻璃陶瓷
1902,台紙,TW0001902005,1962/2/9,造紙工業
1903,士紙,TW0001903003,1963/12/9,造紙工業
1904,正隆,TW0001904001,1971/9/10,造紙工業
1905,華紙,TW0001905008,1975/2/7,造紙工業
1906,寶隆,TW0001906006,1976/4/26,造紙工業
1907,永豐餘,TW0001907004,1977/2/22,造紙工業
1909,榮成,TW0001909000,1985/11/19,造紙工業
2002,中鋼,TW0002002003,1974/12/26,鋼鐵工業
2006,東和鋼鐵,TW0002006004,1988/7/13,鋼鐵工業
2007,燁興,TW0002007002,1988/10/4,鋼鐵工業
2008,高興昌,TW0002008000,1988/12/28,鋼鐵工業
2009,第一銅,TW0002009008,1989/10/20,鋼鐵工業
2010,春源,TW0002010006,1989/12/22,鋼鐵工業
2012,春雨,TW0002012002,1991/10/17,鋼鐵工業
2013,中鋼構,TW0002013000,1992/1/21,鋼鐵工業
2014,中鴻,TW0002014008,1992/2/20,鋼鐵工業
2015,豐興,TW0002015005,1992/5/25,鋼鐵工業
2017,官田鋼,TW0002017001,1992/11/2,鋼鐵工業
2020,美亞,TW0002020005,1993/4/27,鋼鐵工業
2022,聚亨,TW0002022001,1995/3/27,鋼鐵工業
2023,燁輝,TW0002023009,1995/7/28,鋼鐵工業
2024,志聯,TW0002024007,1995/12/30,鋼鐵工業
2025,千興,TW0002025004,1996/2/8,鋼鐵工業
2027,大成鋼,TW0002027000,1996/10/24,鋼鐵工業
2028,威致,TW0002028008,1996/12/13,鋼鐵工業
2029,盛餘,TW0002029006,1997/1/11,鋼鐵工業
2030,彰源,TW0002030004,1998/12/24,鋼鐵工業
2031,新光鋼,TW0002031002,2000/9/11,鋼鐵工業
2032,新鋼,TW0002032000,2000/9/11,鋼鐵工業
2033,佳大,TW0002033008,2000/9/11,鋼鐵工業
2034,允強,TW0002034006,2001/9/17,鋼鐵工業
2038,海光,TW0002038007,2008/12/30,鋼鐵工業
2049,上銀,TW0002049004,2009/6/26,電機機械
2059,川湖,TW0002059003,2008/6/25,電子零組件業
2062,橋椿,TW0002062007,2007/11/16,其他業
2069,運錩,TW0002069002,2016/3/22,鋼鐵工業
2101,南港,TW0002101003,1963/11/1,橡膠工業
2102,泰豐,TW0002102001,1979/7/16,橡膠工業
2103,台橡,TW0002103009,1982/9/25,橡膠工業
2104,國際中橡,TW0002104007,1986/7/15,橡膠工業
2105,正新,TW0002105004,1987/12/7,橡膠工業
2106,建大,TW0002106002,1990/12/20,橡膠工業
2107,厚生,TW0002107000,1992/3/3,橡膠工業
2108,南帝,TW0002108008,1992/10/27,橡膠工業
2109,華豐,TW0002109006,2000/5/8,橡膠工業
2114,鑫永銓,TW0002114006,2010/12/29,橡膠工業
2115,六暉-KY,KYG5700L1086,2013/12/25,汽車工業
2201,裕隆,TW0002201001,1976/7/8,汽車工業
2204,中華,TW0002204005,1991/3/12,汽車工業
2206,三陽工業,TW0002206000,1996/7/29,汽車工業
2207,和泰車,TW0002207008,1997/2/25,汽車工業
2208,台船,TW0002208006,2008/12/22,航運業
2227,裕日車,TW0002227006,2004/12/21,汽車工業
2228,劍麟,TW0002228004,2013/11/25,汽車工業
2231,為升,TW0002231008,2010/11/19,汽車工業
2233,宇隆,TW0002233004,2019/9/17,汽車工業
2236,百達-KY,KYG693691092,2015/6/3,汽車工業
2239,英利-KY,KYG1991F1081,2016/1/27,汽車工業
2243,宏旭-KY,KYG460651014,2017/9/27,汽車工業
2301,光寶科,TW0002301009,1995/11/17,電腦及週邊設備業
2302,麗正,TW0002302007,1985/1/15,半導體業
2303,聯電,TW0002303005,1985/7/16,半導體業
2305,全友,TW0002305000,1988/10/21,電腦及週邊設備業
2308,台達電,TW0002308004,1988/12/19,電子零組件業
2312,金寶,TW0002312006,1989/11/7,其他電子業
2313,華通,TW0002313004,1990/7/24,電子零組件業
2314,台揚,TW0002314002,1990/8/8,通信網路業
2316,楠梓電,TW0002316007,1991/2/5,電子零組件業
2317,鴻海,TW0002317005,1991/6/18,其他電子業
2321,東訊,TW0002321007,1991/11/8,通信網路業
2323,中環,TW0002323003,1992/2/17,光電業
2324,仁寶,TW0002324001,1992/2/18,電腦及週邊設備業
2327,國巨,TW0002327004,1993/10/22,電子零組件業
2328,廣宇,TW0002328002,1993/11/9,電子零組件業
2329,華泰,TW0002329000,1994/4/20,半導體業
2330,台積電,TW0002330008,1994/9/5,半導體業
2331,精英,TW0002331006,1994/9/21,電腦及週邊設備業
2332,友訊,TW0002332004,1994/10/17,通信網路業
2337,旺宏,TW0002337003,1995/3/15,半導體業
2338,光罩,TW0002338001,1995/4/17,半導體業
2340,光磊,TW0002340007,1995/5/2,光電業
2342,茂矽,TW0002342003,1995/9/19,半導體業
2344,華邦電,TW0002344009,1995/10/18,半導體業
2345,智邦,TW0002345006,1995/11/15,通信網路業
2347,聯強,TW0002347002,1995/12/13,電子通路業
2348,海悅,TW0002348000,1996/1/5,其他業
2349,錸德,TW0002349008,1996/4/23,光電業
2351,順德,TW0002351004,1996/4/25,半導體業
2352,佳世達,TW0002352002,1996/7/22,電腦及週邊設備業
2353,宏碁,TW0002353000,1996/9/18,電腦及週邊設備業
2354,鴻準,TW0002354008,1996/10/8,其他電子業
2355,敬鵬,TW0002355005,1996/10/14,電子零組件業
2356,英業達,TW0002356003,1996/11/13,電腦及週邊設備業
2357,華碩,TW0002357001,1996/11/14,電腦及週邊設備業
2358,廷鑫,TW0002358009,1996/12/18,其他業
2359,所羅門,TW0002359007,1996/12/19,其他電子業
2360,致茂,TW0002360005,1996/12/21,其他電子業
2362,藍天,TW0002362001,1997/4/2,電腦及週邊設備業
2363,矽統,TW0002363009,1997/8/1,半導體業
2364,倫飛,TW0002364007,1997/8/11,電腦及週邊設備業
2365,昆盈,TW0002365004,1997/11/3,電腦及週邊設備業
2367,燿華,TW0002367000,1997/12/13,電子零組件業
2368,金像電,TW0002368008,1998/3/9,電子零組件業
2369,菱生,TW0002369006,1998/4/10,半導體業
2371,大同,TW0002371002,1962/2/9,電機機械
2373,震旦行,TW0002373008,1991/8/1,其他電子業
2374,佳能,TW0002374006,1995/1/16,光電業
2375,凱美,TW0002375003,1998/8/29,電子零組件業
2376,技嘉,TW0002376001,1998/9/24,電腦及週邊設備業
2377,微星,TW0002377009,1998/10/31,電腦及週邊設備業
2379,瑞昱,TW0002379005,1998/10/26,半導體業
2380,虹光,TW0002380003,1998/12/3,電腦及週邊設備業
2382,廣達,TW0002382009,1999/1/8,電腦及週邊設備業
2383,台光電,TW0002383007,1998/11/27,電子零組件業
2385,群光,TW0002385002,1999/1/5,電子零組件業
2387,精元,TW0002387008,1999/1/25,電腦及週邊設備業
2388,威盛,TW0002388006,1999/3/5,半導體業
2390,云辰,TW0002390002,1999/6/15,其他電子業
2392,正崴,TW0002392008,1999/9/20,電子零組件業
2393,億光,TW0002393006,1999/11/4,光電業
2395,研華,TW0002395001,1999/12/13,電腦及週邊設備業
2397,友通,TW0002397007,2000/1/15,電腦及週邊設備業
2399,映泰,TW0002399003,1999/12/16,電腦及週邊設備業
2401,凌陽,TW0002401007,2000/1/27,半導體業
2402,毅嘉,TW0002402005,2000/1/14,電子零組件業
2404,漢唐,TW0002404001,2000/3/14,其他電子業
2405,浩鑫,TW0002405008,2000/3/17,電腦及週邊設備業
2406,國碩,TW0002406006,2000/4/29,光電業
2408,南亞科,TW0002408002,2000/8/17,半導體業
2409,友達,TW0002409000,2000/9/8,光電業
2412,中華電,TW0002412004,2000/10/27,通信網路業
2413,環科,TW0002413002,2000/9/11,電子零組件業
2414,精技,TW0002414000,2000/9/11,電子通路業
2415,錩新,TW0002415007,2000/9/11,電子零組件業
2417,圓剛,TW0002417003,2000/9/11,電腦及週邊設備業
2419,仲琦,TW0002419009,2000/9/11,通信網路業
2420,新巨,TW0002420007,2000/9/11,電子零組件業
2421,建準,TW0002421005,2000/9/11,電子零組件業
2423,固緯,TW0002423001,2000/9/11,其他電子業
2424,隴華,TW0002424009,2000/9/11,電腦及週邊設備業
2425,承啟,TW0002425006,2000/9/11,電腦及週邊設備業
2426,鼎元,TW0002426004,2000/9/11,光電業
2427,三商電,TW0002427002,2000/9/11,資訊服務業
2428,興勤,TW0002428000,2000/9/11,電子零組件業
2429,銘旺科,TW0002429008,2000/9/11,電子零組件業
2430,燦坤,TW0002430006,2000/9/11,電子通路業
2431,聯昌,TW0002431004,2000/9/11,電子零組件業
2433,互盛電,TW0002433000,2000/9/11,其他電子業
2434,統懋,TW0002434008,2000/9/11,半導體業
2436,偉詮電,TW0002436003,2000/9/11,半導體業
2438,翔耀,TW0002438009,2000/9/11,光電業
2439,美律,TW0002439007,2000/9/11,通信網路業
2440,太空梭,TW0002440005,2000/11/10,電子零組件業
2441,超豐,TW0002441003,2000/10/26,半導體業
2442,新美齊,TW0002442001,2000/11/22,電腦及週邊設備業
2443,億麗,TW0002443009,2001/1/3,其他業
2444,兆勁,TW0002444007,2000/12/8,通信網路業
2448,晶電,TW0002448008,2001/5/25,光電業
2449,京元電子,TW0002449006,2001/5/9,半導體業
2450,神腦,TW0002450004,2001/5/24,通信網路業
2451,創見,TW0002451002,2001/5/3,半導體業
2453,凌群,TW0002453008,2001/5/22,資訊服務業
2454,聯發科,TW0002454006,2001/7/23,半導體業
2455,全新,TW0002455003,2002/1/24,通信網路業
2456,奇力新,TW0002456001,2001/9/26,電子零組件業
2457,飛宏,TW0002457009,2001/9/17,電子零組件業
2458,義隆,TW0002458007,2001/9/17,半導體業
2459,敦吉,TW0002459005,2001/9/17,電子通路業
2460,建通,TW0002460003,2001/9/17,電子零組件業
2461,光群雷,TW0002461001,2001/9/17,其他電子業
2462,良得電,TW0002462009,2001/9/17,電子零組件業
2464,盟立,TW0002464005,2001/9/17,其他電子業
2465,麗臺,TW0002465002,2001/9/19,電腦及週邊設備業
2466,冠西電,TW0002466000,2001/9/17,光電業
2467,志聖,TW0002467008,2001/9/17,電子零組件業
2468,華經,TW0002468006,2001/9/17,資訊服務業
2471,資通,TW0002471000,2001/9/17,資訊服務業
2472,立隆電,TW0002472008,2001/9/17,電子零組件業
2474,可成,TW0002474004,2001/9/17,其他電子業
2476,鉅祥,TW0002476009,2001/9/17,電子零組件業
2477,美隆電,TW0002477007,2001/9/17,其他電子業
2478,大毅,TW0002478005,2001/9/17,電子零組件業
2480,敦陽科,TW0002480001,2001/9/17,資訊服務業
2481,強茂,TW0002481009,2001/9/17,半導體業
2482,連宇,TW0002482007,2001/9/17,其他電子業
2483,百容,TW0002483005,2001/9/17,電子零組件業
2484,希華,TW0002484003,2001/9/17,電子零組件業
2485,兆赫,TW0002485000,2001/9/17,通信網路業
2486,一詮,TW0002486008,2001/9/19,光電業
2488,漢平,TW0002488004,2001/9/17,其他電子業
2489,瑞軒,TW0002489002,2001/9/17,光電業
2491,吉祥全,TW0002491008,2001/9/17,光電業
2492,華新科,TW0002492006,2001/9/17,電子零組件業
2493,揚博,TW0002493004,2002/1/23,電子零組件業
2495,普安,TW0002495009,2002/3/25,其他電子業
2496,卓越,TW0002496007,2002/3/8,其他業
2497,怡利電,TW0002497005,2002/2/4,汽車工業
2498,宏達電,TW0002498003,2002/3/26,通信網路業
2499,東貝,TW0002499001,2002/2/19,光電業
2501,國建,TW0002501004,1967/10/28,建材營造業
2504,國產,TW0002504008,1978/3/14,建材營造業
2505,國揚,TW0002505005,1979/11/14,建材營造業
2506,太設,TW0002506003,1980/2/2,建材營造業
2509,全坤建,TW0002509007,1988/5/20,建材營造業
2511,太子,TW0002511003,1991/4/24,建材營造業
2514,龍邦,TW0002514007,1992/9/26,其他業
2515,中工,TW0002515004,1993/3/2,建材營造業
2516,新建,TW0002516002,1993/5/25,建材營造業
2520,冠德,TW0002520004,1993/10/27,建材營造業
2524,京城,TW0002524006,1994/10/18,建材營造業
2527,宏璟,TW0002527009,1995/3/6,建材營造業
2528,皇普,TW0002528007,1995/3/10,建材營造業
2530,華建,TW0002530003,1995/10/12,建材營造業
2534,宏盛,TW0002534005,1996/2/12,建材營造業
2535,達欣工,TW0002535002,1996/3/11,建材營造業
2536,宏普,TW0002536000,1996/3/14,建材營造業
2537,聯上發,TW0002537008,1996/9/6,建材營造業
2538,基泰,TW0002538006,1996/11/1,建材營造業
2539,櫻花建,TW0002539004,1997/7/16,建材營造業
2540,愛山林,TW0002540002,1989/12/26,建材營造業
2542,興富發,TW0002542008,1999/5/3,建材營造業
2543,皇昌,TW0002543006,1999/10/15,建材營造業
2545,皇翔,TW0002545001,2000/9/11,建材營造業
2546,根基,TW0002546009,2000/9/11,建材營造業
2547,日勝生,TW0002547007,2000/12/22,建材營造業
2548,華固,TW0002548005,2002/8/26,建材營造業
2597,潤弘,TW0002597002,2010/3/26,建材營造業
2601,益航,TW0002601002,1965/11/4,貿易百貨業
2603,長榮,TW0002603008,1987/9/21,航運業
2605,新興,TW0002605003,1989/12/8,航運業
2606,裕民,TW0002606001,1990/12/8,航運業
2607,榮運,TW0002607009,1990/12/14,航運業
2608,嘉里大榮,TW0002608007,1990/12/20,航運業
2609,陽明,TW0002609005,1992/4/20,航運業
2610,華航,TW0002610003,1993/2/26,航運業
2611,志信,TW0002611001,1993/10/28,航運業
2612,中航,TW0002612009,1994/10/20,航運業
2613,中櫃,TW0002613007,1995/1/20,航運業
2614,東森,TW0002614005,1995/9/23,貿易百貨業
2615,萬海,TW0002615002,1996/5/16,航運業
2616,山隆,TW0002616000,1997/11/8,油電燃氣業
2617,台航,TW0002617008,1998/6/24,航運業
2618,長榮航,TW0002618006,2001/9/17,航運業
2630,亞航,TW0002630001,2018/2/22,航運業
2633,台灣高鐵,TW0002633005,2016/10/27,航運業
2634,漢翔,TW0002634003,2014/8/25,航運業
2636,台驊投控,TW0002636008,2016/12/22,航運業
2637,慧洋-KY,KYG9721M1033,2010/12/1,航運業
2642,宅配通,TW0002642006,2013/12/12,航運業
2701,萬企,TW0002701000,1965/3/22,觀光事業
2702,華園,TW0002702008,1965/2/14,觀光事業
2704,國賓,TW0002704004,1982/11/10,觀光事業
2705,六福,TW0002705001,1988/12/24,觀光事業
2706,第一店,TW0002706009,1991/6/25,觀光事業
2707,晶華,TW0002707007,1998/3/9,觀光事業
2712,遠雄來,TW0002712007,2013/12/3,觀光事業
2722,夏都,TW0002722006,2012/3/14,觀光事業
2723,美食-KY,KYG4002A1004,2010/11/22,觀光事業
2727,王品,TW0002727005,2012/3/6,觀光事業
2731,雄獅,TW0002731007,2013/9/24,觀光事業
2739,寒舍,TW0002739000,2016/5/19,觀光事業
2748,雲品,TW0002748001,2016/11/23,觀光事業
2801,彰銀,TW0002801008,1962/2/15,金融保險業
2809,京城銀,TW0002809001,1983/7/20,金融保險業
2812,台中銀,TW0002812005,1984/5/15,金融保險業
2816,旺旺保,TW0002816006,1992/5/5,金融保險業
2820,華票,TW0002820008,1994/10/26,金融保險業
2823,中壽,TW0002823002,1995/2/8,金融保險業
2832,台產,TW0002832003,1997/9/30,金融保險業
2834,臺企銀,TW0002834009,1998/1/3,金融保險業
2836,高雄銀,TW0002836004,1998/5/18,金融保險業
2838,聯邦銀,TW0002838000,1998/6/29,金融保險業
2841,台開,TW0002841004,1999/1/8,建材營造業
2845,遠東銀,TW0002845005,1998/11/27,金融保險業
2849,安泰銀,TW0002849007,1999/9/27,金融保險業
2850,新產,TW0002850005,2000/5/22,金融保險業
2851,中再保,TW0002851003,2000/7/6,金融保險業
2852,第一保,TW0002852001,2000/11/28,金融保險業
2855,統一證,TW0002855004,2002/9/16,金融保險業
2867,三商壽,TW0002867009,2012/12/18,金融保險業
2880,華南金,TW0002880002,2001/12/19,金融保險業
2881,富邦金,TW0002881000,2001/12/19,金融保險業
2882,國泰金,TW0002882008,2001/12/31,金融保險業
2883,開發金,TW0002883006,2001/12/28,金融保險業
2884,玉山金,TW0002884004,2002/1/28,金融保險業
2885,元大金,TW0002885001,2002/2/4,金融保險業
2886,兆豐金,TW0002886009,2002/2/4,金融保險業
2887,台新金,TW0002887007,2002/2/18,金融保險業
2888,新光金,TW0002888005,2002/2/19,金融保險業
2889,國票金,TW0002889003,2002/3/26,金融保險業
2890,永豐金,TW0002890001,2002/5/9,金融保險業
2891,中信金,TW0002891009,2002/5/17,金融保險業
2892,第一金,TW0002892007,2003/1/2,金融保險業
2897,王道銀行,TW0002897006,2017/5/5,金融保險業
2901,欣欣,TW0002901006,1976/5/7,貿易百貨業
2903,遠百,TW0002903002,1978/10/11,貿易百貨業
2904,匯僑,TW0002904000,1983/1/5,其他業
2905,三商,TW0002905007,1988/9/19,貿易百貨業
2906,高林,TW0002906005,1989/12/26,貿易百貨業
2908,特力,TW0002908001,1993/2/18,貿易百貨業
2910,統領,TW0002910007,1996/12/30,貿易百貨業
2911,麗嬰房,TW0002911005,1997/1/18,貿易百貨業
2912,統一超,TW0002912003,1997/8/22,貿易百貨業
2913,農林,TW0002913001,1962/2/9,貿易百貨業
2915,潤泰全,TW0002915006,1977/7/20,貿易百貨業
2923,鼎固-KY,KYG8190L1095,2012/12/7,建材營造業
2929,淘帝-KY,KYG8922A1085,2013/12/30,貿易百貨業
2936,客思達-KY,KYG224031024,2016/9/26,貿易百貨業
2939,凱羿-KY,KYG108031074,2018/1/11,貿易百貨業
3002,歐格,TW0003002002,2002/1/23,電腦及週邊設備業
3003,健和興,TW0003003000,2002/2/19,電子零組件業
3004,豐達科,TW0003004008,2002/2/25,鋼鐵工業
3005,神基,TW0003005005,2002/2/25,電腦及週邊設備業
3006,晶豪科,TW0003006003,2002/3/4,半導體業
3008,大立光,TW0003008009,2002/3/11,光電業
3010,華立,TW0003010005,2002/7/22,電子通路業
3011,今皓,TW0003011003,2002/7/22,電子零組件業
3013,晟銘電,TW0003013009,2002/9/16,電腦及週邊設備業
3014,聯陽,TW0003014007,2002/10/29,半導體業
3015,全漢,TW0003015004,2002/10/16,電子零組件業
3016,嘉晶,TW0003016002,2002/12/24,半導體業
3017,奇鋐,TW0003017000,2002/9/27,電腦及週邊設備業
3018,同開,TW0003018008,2002/8/26,其他電子業
3019,亞光,TW0003019006,2002/8/26,光電業
3021,鴻名,TW0003021002,2002/8/26,電子零組件業
3022,威強電,TW0003022000,2002/8/26,電腦及週邊設備業
3023,信邦,TW0003023008,2002/8/26,電子零組件業
3024,憶聲,TW0003024006,2002/8/26,光電業
3025,星通,TW0003025003,2002/8/26,通信網路業
3026,禾伸堂,TW0003026001,2002/8/26,電子零組件業
3027,盛達,TW0003027009,2002/8/26,通信網路業
3028,增你強,TW0003028007,2002/8/26,電子通路業
3029,零壹,TW0003029005,2002/8/26,資訊服務業
3030,德律,TW0003030003,2002/10/29,其他電子業
3031,佰鴻,TW0003031001,2002/8/26,光電業
3032,偉訓,TW0003032009,2002/8/26,電子零組件業
3033,威健,TW0003033007,2002/8/26,電子通路業
3034,聯詠,TW0003034005,2002/8/26,半導體業
3035,智原,TW0003035002,2002/8/26,半導體業
3036,文曄,TW0003036000,2002/8/26,電子通路業
3037,欣興,TW0003037008,2002/8/26,電子零組件業
3038,全台,TW0003038006,2002/8/26,光電業
3040,遠見,TW0003040002,2002/8/26,其他業
3041,揚智,TW0003041000,2002/8/26,半導體業
3042,晶技,TW0003042008,2002/8/26,電子零組件業
3043,科風,TW0003043006,2002/8/26,其他電子業
3044,健鼎,TW0003044004,2002/8/26,電子零組件業
3045,台灣大,TW0003045001,2002/8/26,通信網路業
3046,建碁,TW0003046009,2002/8/26,電腦及週邊設備業
3047,訊舟,TW0003047007,2002/8/26,通信網路業
3048,益登,TW0003048005,2002/10/1,電子通路業
3049,和鑫,TW0003049003,2002/9/27,光電業
3050,鈺德,TW0003050001,2002/10/29,光電業
3051,力特,TW0003051009,2002/10/28,光電業
3052,夆典,TW0003052007,1995/11/25,建材營造業
3054,立萬利,TW0003054003,2002/11/18,半導體業
3055,蔚華科,TW0003055000,2002/12/12,電子通路業
3056,總太,TW0003056008,2003/3/3,建材營造業
3057,喬鼎,TW0003057006,2002/12/18,電腦及週邊設備業
3058,立德,TW0003058004,2002/12/9,電子零組件業
3059,華晶科,TW0003059002,2002/12/24,光電業
3060,銘異,TW0003060000,2003/4/21,電腦及週邊設備業
3062,建漢,TW0003062006,2003/7/28,通信網路業
3090,日電貿,TW0003090007,2007/12/31,電子零組件業
3094,聯傑,TW0003094009,2007/8/6,半導體業
3130,一零四,TW0003130001,2006/2/17,資訊服務業
3149,正達,TW0003149001,2011/11/23,光電業
3164,景岳,TW0003164000,2010/3/22,生技醫療業
3167,大量,TW0003167003,2013/10/21,電機機械
3189,景碩,TW0003189007,2004/11/1,半導體業
3209,全科,TW0003209003,2008/11/26,電子通路業
3229,晟鈦,TW0003229001,2009/12/31,電子零組件業
3231,緯創,TW0003231007,2003/8/19,電腦及週邊設備業
3257,虹冠電,TW0003257002,2011/3/21,半導體業
3266,昇陽,TW0003266003,2014/12/24,建材營造業
3296,勝德,TW0003296000,2007/12/31,電子零組件業
3305,昇貿,TW0003305009,2008/7/10,其他電子業
3308,聯德,TW0003308003,2008/3/12,電子零組件業
3311,閎暉,TW0003311007,2004/3/8,通信網路業
3312,弘憶股,TW0003312005,2010/12/29,電子通路業
3321,同泰,TW0003321006,2015/12/15,電子零組件業
3338,泰碩,TW0003338000,2013/12/13,電子零組件業
3346,麗清,TW0003346003,2016/12/19,汽車工業
3356,奇偶,TW0003356002,2005/3/28,光電業
3376,新日興,TW0003376000,2007/12/31,電子零組件業
3380,明泰,TW0003380002,2004/12/20,通信網路業
3383,新世紀,TW0003383006,2007/12/10,光電業
3406,玉晶光,TW0003406005,2005/12/20,光電業
3413,京鼎,TW0003413001,2015/7/28,半導體業
3416,融程電,TW0003416004,2015/1/23,電腦及週邊設備業
3419,譁裕,TW0003419008,2008/1/21,通信網路業
3432,台端,TW0003432001,2010/12/30,電子零組件業
3437,榮創,TW0003437000,2014/7/9,光電業
3443,創意,TW0003443008,2006/11/3,半導體業
3450,聯鈞,TW0003450003,2006/4/12,其他電子業
3454,晶睿,TW0003454005,2011/7/22,光電業
3481,群創,TW0003481008,2006/10/24,光電業
3494,誠研,TW0003494001,2007/12/13,電腦及週邊設備業
3501,維熹,TW0003501003,2007/9/20,電子零組件業
3504,揚明光,TW0003504007,2007/1/26,光電業
3515,華擎,TW0003515003,2007/11/8,電腦及週邊設備業
3518,柏騰,TW0003518007,2007/11/28,其他電子業
3528,安馳,TW0003528006,2016/5/18,電子通路業
3530,晶相光,TW0003530002,2018/7/16,半導體業
3532,台勝科,TW0003532008,2007/12/10,半導體業
3533,嘉澤,TW0003533006,2007/12/10,電子零組件業
3535,晶彩科,TW0003535001,2008/1/31,光電業
3536,誠創,TW0003536009,2008/4/30,半導體業
3543,州巧,TW0003543005,2020/4/15,光電業
3545,敦泰,TW0003545000,2007/7/3,半導體業
3550,聯穎,TW0003550000,2010/11/10,電子零組件業
3557,嘉威,TW0003557005,2008/2/27,光電業
3563,牧德,TW0003563003,2019/4/2,光電業
3576,聯合再生,TW0003576005,2009/1/12,光電業
3583,辛耘,TW0003583001,2013/3/12,半導體業
3588,通嘉,TW0003588000,2009/8/14,半導體業
3591,艾笛森,TW0003591004,2010/11/12,光電業
3593,力銘,TW0003593000,2009/3/16,電子零組件業
3596,智易,TW0003596003,2009/3/11,通信網路業
3605,宏致,TW0003605002,2009/3/26,電子零組件業
3607,谷崧,TW0003607008,2009/10/28,電子零組件業
3617,碩天,TW0003617007,2009/12/23,其他電子業
3622,洋華,TW0003622007,2009/3/25,光電業
3645,達邁,TW0003645008,2011/10/5,電子零組件業
3653,健策,TW0003653002,2009/11/18,電子零組件業
3661,世芯-KY,KYG022421088,2014/10/28,半導體業
3665,貿聯-KY,KYG114741062,2011/4/21,其他電子業
3669,圓展,TW0003669008,2011/8/25,光電業
3673,TPK-KY,KYG898431096,2010/10/29,光電業
3679,新至陞,TW0003679007,2011/10/5,電子零組件業
3682,亞太電,TW0003682001,2013/8/5,通信網路業
3686,達能,TW0003686002,2010/7/20,半導體業
3694,海華,TW0003694006,2011/5/3,通信網路業
3698,隆達,TW0003698007,2011/9/29,光電業
3701,大眾控,TW0003701009,2004/8/30,電腦及週邊設備業
3702,大聯大,TW0003702007,2005/11/9,電子通路業
3703,欣陸,TW0003703005,2010/4/8,建材營造業
3704,合勤控,TW0003704003,2010/8/16,通信網路業
3705,永信,TW0003705000,2011/1/3,生技醫療業
3706,神達,TW0003706008,2013/9/12,電腦及週邊設備業
3708,上緯投控,TW0003708004,2016/8/31,化學工業
3711,日月光投控,TW0003711008,2018/4/30,半導體業
3712,永崴投控,TW0003712006,2018/10/1,電腦及週邊設備業
4104,佳醫,TW0004104005,2007/12/31,生技醫療業
4106,雃博,TW0004106000,2004/11/8,生技醫療業
4108,懷特,TW0004108006,2008/7/16,生技醫療業
4119,旭富,TW0004119003,2004/1/7,生技醫療業
4133,亞諾法,TW0004133004,2009/12/28,生技醫療業
4137,麗豐-KY,KYG211641017,2013/11/27,生技醫療業
4141,龍燈-KY,KYG7644E1098,2012/4/25,生技醫療業
4142,國光生,TW0004142005,2012/5/3,生技醫療業
4144,康聯-KY,KYG2379A1094,2011/10/5,生技醫療業
4148,全宇生技-KY,KYG0232P1072,2017/6/8,生技醫療業
4155,訊映,TW0004155007,2017/12/5,生技醫療業
4164,承業醫,TW0004164009,2012/10/24,生技醫療業
4190,佐登-KY,KYG518761039,2015/10/21,生技醫療業
4306,炎洲,TW0004306006,2008/1/21,塑膠工業
4414,如興,TW0004414008,2004/9/6,紡織纖維
4426,利勤,TW0004426002,2011/12/16,紡織纖維
4438,廣越,TW0004438007,2016/10/18,紡織纖維
4439,冠星-KY,KYG9114F1037,2019/12/5,紡織纖維
4526,東台,TW0004526009,2003/9/15,電機機械
4532,瑞智,TW0004532007,2003/8/4,電機機械
4536,拓凱,TW0004536008,2013/10/9,其他業
4540,全球傳動,TW0004540000,2018/8/15,電機機械
4545,銘鈺,TW0004545009,2016/1/6,電子零組件業
4551,智伸科,TW0004551007,2015/8/10,汽車工業
4552,力達-KY,KYG5479W1033,2016/7/20,電機機械
4555,氣立,TW0004555008,2015/10/27,電機機械
4557,永新-KY,KYG988461011,2015/10/12,汽車工業
4560,強信-KY,KYG853531039,2017/5/26,電機機械
4562,穎漢,TW0004562004,2017/8/21,電機機械
4564,元翎,TW0004564000,2019/3/7,電機機械
4566,時碩工業,TW0004566005,2018/2/5,電機機械
4571,鈞興-KY,KYG5258M1024,2019/9/17,電機機械
4572,駐龍,TW0004572003,2019/9/10,電機機械
4576,大銀微系統,TW0004576004,2019/9/4,電機機械
4581,光隆精密-KY,KYG977291007,2020/3/9,汽車工業
4720,德淵,TW0004720008,2015/6/24,化學工業
4722,國精化,TW0004722004,2012/8/15,化學工業
4725,信昌化,TW0004725007,2007/10/2,化學工業
4737,華廣,TW0004737002,2010/12/23,生技醫療業
4739,康普,TW0004739008,2017/9/8,化學工業
4746,台耀,TW0004746003,2011/3/1,生技醫療業
4755,三福化,TW0004755004,2013/11/27,化學工業
4763,材料-KY,KYG5138S1057,2015/11/9,化學工業
4764,雙鍵,TW0004764006,2018/1/4,化學工業
4766,南寶,TW0004766001,2018/11/28,化學工業
4807,日成-KY,KYG7473R1065,2017/6/26,貿易百貨業
4904,遠傳,TW0004904008,2005/8/24,通信網路業
4906,正文,TW0004906003,2003/6/30,通信網路業
4912,聯德控股-KY,KYG545091079,2015/5/21,電子零組件業
4915,致伸,TW0004915004,2012/10/5,電子零組件業
4916,事欣科,TW0004916002,2013/11/21,電腦及週邊設備業
4919,新唐,TW0004919006,2010/9/27,半導體業
4927,泰鼎-KY,KYG0407M1033,2015/9/8,電子零組件業
4930,燦星網,TW0004930003,2010/6/21,電器電纜
4934,太極,TW0004934005,2010/3/10,光電業
4935,茂林-KY,KYG3931M1024,2011/7/28,光電業
4938,和碩,TW0004938006,2010/6/24,電腦及週邊設備業
4942,嘉彰,TW0004942008,2011/6/27,光電業
4943,康控-KY,KYG2346M1033,2016/11/11,電子零組件業
4952,凌通,TW0004952007,2011/11/1,半導體業
4956,光鋐,TW0004956008,2011/10/24,光電業
4958,臻鼎-KY,KYG989221000,2011/12/26,電子零組件業
4960,誠美材,TW0004960000,2011/10/24,光電業
4961,天鈺,TW0004961008,2018/10/17,半導體業
4967,十銓,TW0004967005,2019/1/14,半導體業
4968,立積,TW0004968003,2015/11/13,半導體業
4976,佳凌,TW0004976006,2012/11/20,光電業
4977,眾達-KY,KYG6956N1034,2013/11/20,通信網路業
4989,榮科,TW0004989009,2018/6/28,電子零組件業
4994,傳奇,TW0004994009,2013/12/25,資訊服務業
4999,鑫禾,TW0004999008,2013/6/3,電子零組件業
5007,三星,TW0005007009,2011/9/16,鋼鐵工業
5203,訊連,TW0005203004,2004/9/27,資訊服務業
5215,科嘉-KY,KYG530791022,2011/12/26,電腦及週邊設備業
5225,東科-KY,KYG291021031,2012/11/5,其他電子業
5234,達興材料,TW0005234009,2012/7/16,光電業
5243,乙盛-KY,KYG312361051,2013/11/25,光電業
5258,虹堡,TW0005258008,2016/12/30,電腦及週邊設備業
5264,鎧勝-KY,KYG193031096,2013/1/25,電腦及週邊設備業
5269,祥碩,TW0005269005,2012/12/12,半導體業
5283,禾聯碩,TW0005283006,2019/5/24,電器電纜
5284,jpp-KY,KYG521131006,2017/3/9,其他業
5285,界霖,TW0005285001,2014/2/25,半導體業
5288,豐祥-KY,KYG314551014,2014/9/25,電機機械
5305,敦南,TW0005305007,2004/7/19,半導體業
5388,中磊,TW0005388003,2007/12/3,通信網路業
5434,崇越,TW0005434005,2003/8/25,電子通路業
5469,瀚宇博,TW0005469001,2003/8/25,電子零組件業
5471,松翰,TW0005471007,2003/8/25,半導體業
5484,慧友,TW0005484000,2003/8/25,光電業
5515,建國,TW0005515001,2003/10/6,建材營造業
5519,隆大,TW0005519003,2014/2/10,建材營造業
5521,工信,TW0005521009,2012/12/18,建材營造業
5522,遠雄,TW0005522007,2007/8/6,建材營造業
5525,順天,TW0005525000,2004/11/26,建材營造業
5531,鄉林,TW0005531008,2005/1/31,建材營造業
5533,皇鼎,TW0005533004,2008/4/30,建材營造業
5534,長虹,TW0005534002,2004/5/24,建材營造業
5538,東明-KY,KYG8919A1031,2013/12/16,鋼鐵工業
5546,永固-KY,KYG566541093,2020/5/20,建材營造業
5607,遠雄港,TW0005607006,2004/12/2,航運業
5608,四維航,TW0005608004,2003/8/25,航運業
5706,鳳凰,TW0005706006,2011/10/21,觀光事業
5871,中租-KY,KYG202881093,2011/12/13,其他業
5876,上海商銀,TW0005876007,2018/10/19,金融保險業
5880,合庫金,TW0005880009,2011/12/1,金融保險業
5906,台南-KY,KYG8661M1078,2011/10/24,貿易百貨業
5907,大洋-KY,KYG4064G1029,2012/6/6,貿易百貨業
6005,群益證,TW0006005002,2005/11/21,金融保險業
6024,群益期,TW0006024003,2017/10/16,金融保險業
6108,競國,TW0006108004,2008/12/30,電子零組件業
6112,聚碩,TW0006112006,2003/8/4,資訊服務業
6115,鎰勝,TW0006115009,2004/7/19,電子零組件業
6116,彩晶,TW0006116007,2004/9/6,光電業
6117,迎廣,TW0006117005,2003/8/25,電腦及週邊設備業
6120,達運,TW0006120009,2006/9/13,光電業
6128,上福,TW0006128002,2003/6/16,電腦及週邊設備業
6131,鈞泰,TW0006131006,2004/9/27,光電業
6133,金橋,TW0006133002,2003/8/15,電子零組件業
6136,富爾特,TW0006136005,2003/8/25,通信網路業
6139,亞翔,TW0006139009,2003/8/25,其他電子業
6141,柏承,TW0006141005,2003/10/22,電子零組件業
6142,友勁,TW0006142003,2003/8/4,通信網路業
6152,百一,TW0006152002,2009/12/8,通信網路業
6153,嘉聯益,TW0006153000,2008/1/21,電子零組件業
6155,鈞寶,TW0006155005,2006/8/18,電子零組件業
6164,華興,TW0006164007,2008/10/21,光電業
6165,捷泰,TW0006165004,2003/8/4,電子零組件業
6166,凌華,TW0006166002,2004/11/8,電腦及週邊設備業
6168,宏齊,TW0006168008,2003/8/25,光電業
6172,互億,TW0006172000,2004/5/24,電腦及週邊設備業
6176,瑞儀,TW0006176001,2007/5/15,光電業
6177,達麗,TW0006177009,2013/8/1,建材營造業
6183,關貿,TW0006183007,2011/12/1,資訊服務業
6184,大豐電,TW0006184005,2005/2/15,其他業
6189,豐藝,TW0006189004,2004/5/24,電子通路業
6191,精成科,TW0006191000,2007/10/19,電子零組件業
6192,巨路,TW0006192008,2004/9/27,其他電子業
6196,帆宣,TW0006196009,2004/5/24,其他電子業
6197,佳必琪,TW0006197007,2004/11/8,電子零組件業
6201,亞弘電,TW0006201007,2004/9/27,其他電子業
6202,盛群,TW0006202005,2004/9/27,半導體業
6205,詮欣,TW0006205008,2008/1/21,電子零組件業
6206,飛捷,TW0006206006,2004/8/3,電腦及週邊設備業
6209,今國光,TW0006209000,2004/11/8,光電業
6213,聯茂,TW0006213002,2008/1/21,電子零組件業
6214,精誠,TW0006214000,2010/12/30,資訊服務業
6215,和椿,TW0006215007,2007/12/31,其他電子業
6216,居易,TW0006216005,2004/9/27,通信網路業
6224,聚鼎,TW0006224009,2009/9/17,電子零組件業
6225,天瀚,TW0006225006,2004/9/27,光電業
6226,光鼎,TW0006226004,2008/11/10,光電業
6230,超眾,TW0006230006,2010/9/16,電腦及週邊設備業
6235,華孚,TW0006235005,2004/8/23,電腦及週邊設備業
6239,力成,TW0006239007,2004/11/8,半導體業
6243,迅杰,TW0006243009,2009/12/17,半導體業
6251,定穎,TW0006251002,2009/3/18,電子零組件業
6257,矽格,TW0006257009,2003/8/25,半導體業
6269,台郡,TW0006269004,2003/9/23,電子零組件業
6271,同欣電,TW0006271000,2007/11/16,半導體業
6277,宏正,TW0006277007,2003/10/30,電腦及週邊設備業
6278,台表科,TW0006278005,2010/8/24,光電業
6281,全國電,TW0006281009,2005/12/8,電子通路業
6282,康舒,TW0006282007,2003/9/8,電子零組件業
6283,淳安,TW0006283005,2008/1/21,其他電子業
6285,啟碁,TW0006285000,2003/9/22,通信網路業
6288,聯嘉,TW0006288004,2018/5/9,汽車工業
6289,華上,TW0006289002,2003/8/28,光電業
6405,悅城,TW0006405004,2013/11/28,光電業
6409,旭隼,TW0006409006,2014/3/31,其他電子業
6412,群電,TW0006412000,2013/11/8,電子零組件業
6414,樺漢,TW0006414006,2014/3/28,電腦及週邊設備業
6415,矽力-KY,KYG8190F1028,2013/12/12,半導體業
6416,瑞祺電通,TW0006416001,2018/4/16,通信網路業
6431,光麗-KY,KYG532651075,2014/12/4,光電業
6442,光聖,TW0006442007,2015/7/14,通信網路業
6443,元晶,TW0006443005,2015/10/1,光電業
6449,鈺邦,TW0006449002,2014/12/9,電子零組件業
6451,訊芯-KY,KYG811801045,2015/1/26,半導體業
6452,康友-KY,KYG7060F1019,2015/3/25,生技醫療業
6456,GIS-KY,KYG3808R1011,2015/6/12,光電業
6464,台數科,TW0006464001,2015/12/16,其他業
6477,安集,TW0006477003,2016/6/21,光電業
6491,晶碩,TW0006491004,2019/10/7,生技醫療業
6504,南六,TW0006504004,2013/5/7,其他業
6505,台塑化,TW0006505001,2003/12/26,油電燃氣業
6525,捷敏-KY,KYG3790U1040,2016/4/12,半導體業
6531,愛普,TW0006531007,2016/5/31,半導體業
6533,晶心科,TW0006533003,2017/3/14,半導體業
6541,泰福-KY,KYG8676P1037,2017/10/26,生技醫療業
6552,易華電,TW0006552003,2017/1/10,半導體業
6558,興能高,TW0006558000,2018/12/5,其他電子業
6573,虹揚-KY,KYG4712A1013,2017/9/26,半導體業
6579,研揚,TW0006579006,2017/8/21,電腦及週邊設備業
6581,鋼聯,TW0006581002,2018/1/30,其他業
6582,申豐,TW0006582000,2017/6/14,橡膠工業
6591,動力-KY,KYG8587R1074,2017/12/28,電腦及週邊設備業
6592,和潤企業,TW0006592009,2019/12/9,其他業
6605,帝寶,TW0006605009,2004/3/17,汽車工業
6625,必應,TW0006625007,2018/2/7,其他業
6641,基士德-KY,KYG416551045,2018/9/21,其他業
6655,科定,TW0006655004,2018/11/28,其他業
6666,羅麗芬-KY,KYG569831020,2018/11/19,生技醫療業
6668,中揚光,TW0006668007,2018/12/12,光電業
6669,緯穎,TW0006669005,2019/3/27,電腦及週邊設備業
6670,復盛應用,TW0006670003,2018/12/18,其他業
6671,三能-KY,KYG7806W1033,2018/12/11,其他業
6672,騰輝電子-KY,KYG9353A1040,2019/4/17,電子零組件業
6674,鋐寶科技,TW0006674005,2018/11/28,通信網路業
6698,旭暉應材,TW0006698004,2019/11/25,其他電子業
6706,惠特,TW0006706005,2019/12/19,光電業
6715,嘉基,TW0006715006,2019/12/12,電子零組件業
8011,台通,TW0008011008,2011/9/19,通信網路業
8016,矽創,TW0008016007,2003/12/25,半導體業
8021,尖點,TW0008021007,2008/1/21,其他電子業
8028,昇陽半導體,TW0008028002,2018/7/10,半導體業
8033,雷虎,TW0008033002,2007/6/21,其他業
8039,台虹,TW0008039009,2009/12/17,電子零組件業
8046,南電,TW0008046004,2006/4/7,電子零組件業
8070,長華,TW0008070004,2007/12/31,電子通路業
8072,陞泰,TW0008072000,2005/8/19,電子通路業
8081,致新,TW0008081001,2008/12/30,半導體業
8101,華冠,TW0008101007,2004/7/1,通信網路業
8103,瀚荃,TW0008103003,2009/9/29,電子零組件業
8104,錸寶,TW0008104001,2019/1/17,光電業
8105,凌巨,TW0008105008,2006/12/27,光電業
8110,華東,TW0008110008,2007/10/31,半導體業
8112,至上,TW0008112004,2007/12/31,電子通路業
8114,振樺電,TW0008114000,2012/11/26,電腦及週邊設備業
8131,福懋科,TW0008131004,2007/11/29,半導體業
8150,南茂,TW0008150004,2014/4/11,半導體業
8163,達方,TW0008163007,2007/11/28,電腦及週邊設備業
8201,無敵,TW0008201005,2007/10/29,其他電子業
8210,勤誠,TW0008210006,2011/12/1,電腦及週邊設備業
8213,志超,TW0008213000,2009/12/25,電子零組件業
8215,明基材,TW0008215005,2010/11/12,光電業
8222,寶一,TW0008222001,2015/1/27,電機機械
8249,菱光,TW0008249004,2005/5/17,電子零組件業
8261,富鼎,TW0008261009,2009/12/11,半導體業
8271,宇瞻,TW0008271008,2010/12/29,半導體業
8341,日友,TW0008341009,2015/3/23,其他業
8367,建新國際,TW0008367004,2018/9/12,航運業
8374,羅昇,TW0008374000,2008/12/25,電機機械
8404,百和興業-KY,KYG684631016,2011/5/18,其他業
8411,福貞-KY,KYG525911072,2011/11/1,其他業
8422,可寧衛,TW0008422007,2011/10/5,其他業
8427,基勝-KY,KYG525341072,2011/12/6,其他業
8429,金麗-KY,KYG513871015,2012/12/20,貿易百貨業
8442,威宏-KY,KYG981151015,2016/11/8,其他業
8443,阿瘦,TW0008443003,2014/9/15,貿易百貨業
8454,富邦媒,TW0008454000,2014/12/19,貿易百貨業
8462,柏文,TW0008462003,2019/3/15,觀光事業
8463,潤泰材,TW0008463001,2015/7/13,其他業
8464,億豐,TW0008464009,2015/12/22,其他業
8466,美吉吉-KY,KYG332481087,2016/11/1,其他業
8467,波力-KY,KYG144971044,2015/12/15,其他業
8473,山林水,TW0008473000,2016/9/8,其他業
8478,東哥遊艇,TW0008478009,2017/12/11,其他業
8480,泰昇-KY,KYG8661F1028,2017/1/17,其他業
8481,政伸,TW0008481003,2017/2/24,其他業
8482,商億-KY,KYG806341015,2018/8/15,其他業
8488,吉源-KY,KYG5140K1085,2016/12/13,其他業
8497,格威傳媒,TW0008497009,2018/3/23,其他業
8499,鼎炫-KY,KYG8923R1002,2017/11/24,其他業
8926,台汽電,TW0008926007,2003/8/25,油電燃氣業
8940,新天地,TW0008940008,2009/5/15,觀光事業
8996,高力,TW0008996000,2014/2/14,電機機械
9802,鈺齊-KY,KYG368891068,2012/10/18,其他業
9902,台火,TW0009902007,1964/7/14,其他業
9904,寶成,TW0009904003,1990/1/19,其他業
9905,大華,TW0009905000,1990/8/8,其他業
9906,欣巴巴,TW0009906008,1990/12/15,建材營造業
9907,統一實,TW0009907006,1991/1/29,其他業
9908,大台北,TW0009908004,1991/2/6,油電燃氣業
9910,豐泰,TW0009910000,1992/2/18,其他業
9911,櫻花,TW0009911008,1992/7/16,其他業
9912,偉聯,TW0009912006,1992/8/8,電腦及週邊設備業
9914,美利達,TW0009914002,1992/9/30,其他業
9917,中保科,TW0009917005,1993/12/8,其他業
9918,欣天然,TW0009918003,1994/4/26,油電燃氣業
9919,康那香,TW0009919001,1994/11/4,其他業
9921,巨大,TW0009921007,1994/12/29,其他業
9924,福興,TW0009924001,1995/3/15,其他業
9925,新保,TW0009925008,1995/12/9,其他業
9926,新海,TW0009926006,1998/4/8,油電燃氣業
9927,泰銘,TW0009927004,1999/3/12,其他業
9928,中視,TW0009928002,1999/8/9,其他業
9929,秋雨,TW0009929000,1999/6/28,其他業
9930,中聯資源,TW0009930008,1999/11/22,其他業
9931,欣高,TW0009931006,2000/3/21,油電燃氣業
9933,中鼎,TW0009933002,1993/5/28,其他業
9934,成霖,TW0009934000,2000/9/11,其他業
9935,慶豐富,TW0009935007,2000/9/11,其他業
9937,全國,TW0009937003,2000/9/11,油電燃氣業
9938,百和,TW0009938001,2001/1/12,其他業
9939,宏全,TW0009939009,2001/3/2,其他業
9940,信義,TW0009940007,2001/9/17,其他業
9941,裕融,TW0009941005,2001/9/17,其他業
9942,茂順,TW0009942003,2002/1/28,其他業
9943,好樂迪,TW0009943001,2002/8/26,觀光事業
9944,新麗,TW0009944009,2002/8/26,其他業
9945,潤泰新,TW0009945006,1992/4/30,其他業
9946,三發地產,TW0009946004,2013/9/17,建材營造業
9955,佳龍,TW0009955005,2008/1/21,其他業
9958,世紀鋼,TW0009958009,2008/3/12,鋼鐵工業
