證券代號,證券名稱,成交股數,成交金額,開盤價,最高價,最低價,收盤價,漲跌價差,成交筆數
"0050","元大台灣50","4,967,165","417,187,216","83.70","84.40","83.60","84.30","+0.25","2,672"
"0051","元大中型100","27,216","916,206","33.44","33.92","33.44","33.92","+0.31","17"
"0052","富邦科技","170,919","10,843,734","63.20","63.80","63.00","63.50"," 0.00","31"
"0053","元大電子","7,000","271,020","38.70","38.87","38.60","38.87","+0.14","7"
"0054","元大台商50","5,000","113,780","22.76","22.76","22.74","22.74","-0.04","3"
"0055","元大MSCI金融","77,000","1,305,910","17.00","17.02","16.92","16.99","-0.06","42"
"0056","元大高股息","16,134,554","445,649,769","27.50","27.77","27.47","27.75","+0.20","6,073"
"0057","富邦摩台","43,000","2,383,050","55.25","55.60","55.25","55.60","+0.30","8"
"0061","元大寶滬深","328,959","5,762,366","17.50","17.60","17.45","17.55","+0.01","89"
"006203","元大MSCI台灣","2,000","78,560","39.33","39.33","39.23","39.23","-0.27","2"
"006204","永豐臺灣加權","30,005","1,626,272","54.00","54.30","54.00","54.30","+0.15","4"
"006205","富邦上証","1,521,948","44,203,150","28.88","29.10","28.88","29.05","-0.10","154"
"006206","元大上證50","275,291","8,388,977","30.68","30.68","30.40","30.50","+0.03","62"
"006207","FH滬深","79,000","1,796,880","22.71","22.84","22.70","22.84","+0.01","34"
"006208","富邦台50","897,462","43,184,798","47.80","48.31","47.80","48.25","+0.15","307"
"00625K","富邦上証+R","57,000","399,140","7.02","7.02","7.00","7.00","-0.01","8"
"00631L","元大台灣50正2","7,278,300","319,116,287","43.38","44.29","43.38","44.20","+0.41","2,096"
"00632R","元大台灣50反1","102,372,686","1,059,277,352","10.40","10.40","10.28","10.30","-0.03","6,882"
"00633L","富邦上証正2","11,862,000","496,086,150","41.85","42.06","41.56","41.98","-0.24","1,572"
"00634R","富邦上証反1","1,197,000","6,866,170","5.73","5.75","5.72","5.72"," 0.00","127"
"00635U","元大S&P黃金","1,286,499","31,096,655","24.22","24.22","24.13","24.18"," 0.00","515"
"00636","國泰中國A50","1,830,752","37,045,283","20.35","20.35","20.19","20.29","-0.08","260"
"00636K","國泰中國A50+U","100","677","6.77","6.77","6.77","6.77","-0.01","1"
"00637L","元大滬深300正2","50,104,100","809,537,972","16.16","16.23","16.05","16.22","-0.08","4,861"
"00638R","元大滬深300反1","1,064,001","12,298,201","11.63","11.63","11.52","11.53","+0.03","114"
"00639","富邦深100","1,453,492","16,480,645","11.30","11.37","11.28","11.37","+0.03","190"
"00640L","富邦日本正2","949,000","15,553,450","16.31","16.51","16.26","16.47","-0.10","172"
"00641R","富邦日本反1","358,200","5,376,938","15.04","15.08","14.96","14.99","+0.06","98"
"00642U","元大S&P石油","46,195,212","437,554,192","9.34","9.55","9.34","9.48","+0.11","11,047"
"00643","群益深証中小","1,059,625","14,410,193","13.60","13.65","13.55","13.65","+0.05","336"
"00643K","群益深証中小+R","0","0","0.00","0.00","0.00","0.00"," 0.00","0"
"00645","富邦日本","65,048","1,241,693","19.05","19.10","19.05","19.10","+0.04","8"
"00646","元大S&P500","1,073,208","28,023,124","26.06","26.28","26.02","26.24","-0.38","502"
"00647L","元大S&P500正2","2,222,000","66,915,520","30.10","30.49","29.91","30.44","-1.21","695"
"00648R","元大S&P500反1","3,502,000","40,488,510","11.57","11.61","11.51","11.51","+0.20","700"
"00650L","FH香港正2","255,000","5,509,400","21.61","21.90","21.30","21.81","+0.12","109"
"00651R","FH香港反1","865,000","7,780,540","9.25","9.25","8.92","8.92","-0.03","94"
"00652","富邦印度","741,630","12,924,842","17.15","17.62","17.15","17.40","+0.44","329"
"00653L","富邦印度正2","35,004,000","557,851,360","15.69","16.33","15.58","15.99","+1.03","4,933"
"00654R","富邦印度反1","1,087,000","17,209,640","16.12","16.12","15.65","15.83","-0.56","534"
"00655L","國泰中國A50正2","3,299,000","100,514,040","30.48","30.60","30.22","30.53","-0.18","720"
"00656R","國泰中國A50反1","249,000","2,606,690","10.47","10.51","10.45","10.46","+0.02","26"
"00657","國泰日經225","101,000","2,553,290","25.28","25.29","25.28","25.29","-0.08","3"
"00657K","國泰日經225+U","100","847","8.47","8.47","8.47","8.47","-0.01","1"
"00660","元大歐洲50","34,000","684,950","20.17","20.28","20.09","20.23","-0.29","20"
"00661","元大日經225","0","0","0.00","0.00","0.00","0.00"," 0.00","0"
"00662","富邦NASDAQ","368,197","12,937,930","35.04","35.26","34.90","35.24","-0.66","141"
"00663L","國泰臺灣加權正2","133,000","5,201,540","38.87","39.59","38.80","39.46","+0.26","43"
"00664R","國泰臺灣加權反1","2,496,353","29,331,572","11.80","11.80","11.68","11.70","-0.04","397"
"00665L","富邦恒生國企正2","273,000","5,567,000","20.68","20.85","20.30","20.84","+0.12","41"
"00666R","富邦恒生國企反1","112,000","1,544,960","13.83","13.92","13.73","13.73","-0.13","11"
"00668","國泰美國道瓊","230,000","5,923,690","25.82","25.87","25.66","25.85","-0.31","98"
"00668K","國泰美國道瓊+U","100","861","8.61","8.61","8.61","8.61","-0.09","1"
"00669R","國泰美國道瓊反1","11,923,001","151,796,382","12.76","12.80","12.65","12.67","+0.22","1,438"
"00670L","富邦NASDAQ正2","2,966,000","126,434,150","42.39","43.05","42.24","43.01","-1.67","870"
"00671R","富邦NASDAQ反1","2,917,000","28,179,670","9.67","9.70","9.61","9.61","+0.15","383"
"00672L","元大S&P原油正2","29,548,900","89,085,261","3.04","3.04","2.99","3.01","-0.02","2,081"
"00673R","元大S&P原油反1","832,000","36,225,640","43.47","43.71","43.30","43.52","+0.44","224"
"00674R","元大S&P黃金反1","183,000","2,611,320","14.25","14.31","14.25","14.28","-0.03","41"
"00675L","富邦臺灣加權正2","698,000","11,946,980","16.97","17.30","16.96","17.29","+0.13","220"
"00676R","富邦臺灣加權反1","5,682,000","36,082,650","6.38","6.38","6.31","6.31","-0.03","389"
"00677U","富邦VIX","426,056,072","2,836,512,247","6.74","6.80","6.51","6.53","+0.44","28,004"
"00678","群益NBI生技","54,963","1,399,931","25.48","25.60","25.30","25.60","-0.10","42"
"00680L","元大美債20正2","661,000","21,561,730","32.51","32.70","32.49","32.49","+0.50","83"
"00681R","元大美債20反1","267,000","3,377,490","12.66","12.66","12.64","12.64","-0.15","19"
"00682U","元大美元指數","60,000","1,182,700","19.72","19.72","19.70","19.70","-0.09","4"
"00683L","元大美元指數正2","229,000","4,694,700","20.42","20.65","20.42","20.47","-0.03","19"
"00684R","元大美元指數反1","7,000","124,560","17.80","17.80","17.79","17.79","+0.03","2"
"00685L","群益臺灣加權正2","12,000","176,300","14.65","14.90","14.59","14.90","+0.14","7"
"00686R","群益臺灣加權反1","936,000","6,479,970","6.95","6.96","6.88","6.89","-0.04","81"
"00688L","國泰20年美債正2","119,000","3,946,510","33.15","33.22","33.09","33.09","+0.67","11"
"00689R","國泰20年美債反1","104,000","1,345,850","12.96","12.97","12.94","12.96","-0.13","5"
"00690","兆豐藍籌30","176,000","3,831,010","21.58","21.80","21.58","21.80","+0.09","24"
"00691R","兆豐藍籌30反1","0","0","0.00","0.00","0.00","0.00"," 0.00","0"
"00692","富邦公司治理","1,818,833","39,550,418","21.70","21.86","21.65","21.82","+0.03","539"
"00693U","街口S&P黃豆","1,129,000","15,607,450","13.82","13.85","13.80","13.83","-0.03","317"
"00700","富邦恒生國企","102,001","1,891,868","18.35","18.55","18.35","18.55","+0.10","5"
"00701","國泰股利精選30","1,164,584","23,316,329","20.00","20.10","19.96","20.07","+0.02","457"
"00702","國泰標普低波高息","81,000","1,253,380","15.52","15.55","15.46","15.55","-0.19","30"
"00703","台新MSCI中國","235,000","4,761,060","20.21","20.40","20.14","20.40","+0.19","29"
"00706L","元大S&P日圓正2","22,000","382,100","17.35","17.37","17.35","17.37","+0.06","2"
"00707R","元大S&P日圓反1","0","0","0.00","0.00","0.00","0.00"," 0.00","0"
"00708L","元大S&P黃金正2","3,557,000","96,406,660","27.21","27.24","27.01","27.13","+0.01","869"
"00709","富邦歐洲","142,000","2,405,490","16.86","17.06","16.82","17.05","-0.08","16"
"00710B","FH彭博高收益債","243,000","4,377,050","18.00","18.10","17.98","18.10","+0.16","97"
"00711B","FH彭博新興債","105,000","2,179,690","20.67","20.79","20.67","20.76","+0.14","6"
"00712","FH富時不動產","2,897,800","26,701,129","9.18","9.35","9.13","9.35","-0.06","859"
"00713","元大台灣高息低波","30,089","917,257","30.44","30.65","30.42","30.52","+0.08","24"
"00714","群益道瓊美國地產","117,140","1,935,951","16.52","16.61","16.45","16.61","-0.62","50"
"00715L","街口布蘭特油正2","21,849,000","131,703,400","6.11","6.15","5.95","5.98","-0.13","1,862"
"00717","富邦美國特別股","798,197","13,049,327","16.37","16.37","16.33","16.35","-0.02","152"
"00728","第一金工業30","374,500","7,025,659","18.64","18.88","18.64","18.88","+0.08","51"
"00730","富邦臺灣優質高息","634,674","10,595,905","16.66","16.80","16.64","16.79","+0.04","149"
"00731","FH富時高息低波","77,000","3,400,270","44.10","44.20","43.93","44.20","+0.05","14"
"00732","國泰RMB短期報酬","104,000","3,949,000","37.97","38.00","37.97","38.00","+0.03","3"
"00733","富邦臺灣中小","213,485","4,276,375","19.76","20.04","19.76","20.04","+0.32","18"
"00735","國泰臺韓科技","142,000","2,737,770","19.27","19.33","19.26","19.33","+0.08","8"
"00736","國泰新興市場","153,000","2,591,350","16.88","16.96","16.88","16.94","-0.03","8"
"00737","國泰AI+Robo","600,278","12,608,901","21.08","21.08","20.93","21.06","-0.29","248"
"00738U","元大道瓊白銀","2,431,000","41,893,930","17.21","17.29","17.19","17.23","-0.08","333"
"00739","元大MSCI A股","385,752","8,013,901","20.77","20.87","20.74","20.87","+0.02","55"
"00742","新光內需收益","101,000","2,031,200","20.11","20.20","20.11","20.20","+0.01","3"
"00743","國泰中國A150","25,481","527,542","20.64","20.71","20.64","20.71","+0.04","13"
"00752","中信中國50","792,000","18,218,939","22.99","23.09","22.89","23.06","-0.03","349"
"00753L","中信中國50正2","118,000","2,729,170","23.10","23.41","22.92","23.40","+0.11","62"
"00757","統一FANG+","239,000","6,373,200","26.50","26.79","26.50","26.78","-0.24","30"
"00762","元大全球AI","524,500","13,483,179","25.59","25.88","25.57","25.85","-0.48","233"
"00763U","街口道瓊銅","79,000","1,267,320","16.00","16.08","16.00","16.06","-0.20","25"
"00766L","台新MSCI中國正2","538,000","4,803,020","8.90","9.00","8.82","8.98","+0.06","92"
"00770","國泰北美科技","158,000","3,951,290","24.93","25.09","24.91","25.09","-0.45","16"
"00771","元大US高息特別股","36,489","678,094","18.56","18.56","18.55","18.56","-0.02","27"
"00774B","新光中國政金綠債","2,000","79,160","39.58","39.58","39.58","39.58","+0.09","2"
"00774C","新光中政金綠債+R","0","0","0.00","0.00","0.00","0.00"," 0.00","0"
"00775B","新光投等債15+","2,000","87,400","43.70","43.70","43.70","43.70","+0.32","2"
"00776","新光ICE美國權值","100,000","2,030,000","20.30","20.30","20.30","20.30","-0.25","2"
"00783","富邦中証500","1,054,017","19,308,101","18.23","18.35","18.23","18.34","+0.11","51"
"008201","BP上證50","100","9,950","99.50","99.50","99.50","99.50","X0.00","1"
"00830","國泰費城半導體","1,952,100","32,198,762","16.49","16.57","16.42","16.57","-0.26","642"
"00850","元大臺灣ESG永續","1,555,667","32,857,422","21.08","21.22","21.03","21.20","+0.06","596"
"00851","台新全球AI","42,000","912,300","21.86","21.86","21.62","21.81","-0.32","22"
"00852L","國泰美國道瓊正2","30,547,000","317,705,270","10.42","10.52","10.31","10.51","-0.34","3,564"
"00861","元大全球未來通訊","4,046,252","79,731,940","19.66","19.80","19.62","19.80","-0.19","1,516"
"00865B","國泰US短期公債","110,000","4,342,750","39.47","39.48","39.47","39.48","+0.01","4"
"00866","新光Shiller CAPE","30,000","522,370","17.38","17.42","17.31","17.42","-0.34","4"
"00875","國泰網路資安","1,789,000","40,741,870","22.76","22.87","22.70","22.87","-0.32","795"
"01001T","土銀富邦R1","7,010","113,271","16.18","16.18","16.14","16.14","-0.06","6"
"01002T","土銀國泰R1","1,146,000","19,711,060","17.19","17.20","17.19","17.20","+0.01","50"
"01003T","兆豐新光R1","5,000","95,020","19.50","19.50","18.88","18.88","+0.28","5"
"01004T","土銀富邦R2","20","304","0.00","0.00","0.00","0.00"," 0.00","2"
"01007T","兆豐國泰R2","12,010","210,114","17.50","17.50","17.48","17.48","-0.02","12"
"01009T","王道圓滿R1","10,000","93,700","9.37","9.37","9.37","9.37","+0.02","1"
"01010T","京城樂富R1","34,000","336,600","9.85","9.92","9.85","9.92"," 0.00","11"
"020000","富邦特選蘋果N","79,000","408,960","5.15","5.21","5.13","5.21","+0.04","13"
"020002","元富新中國N","0","0","0.00","0.00","0.00","0.00"," 0.00","0"
"020004","兆豐電菁英30N","0","0","0.00","0.00","0.00","0.00"," 0.00","0"
"020006","永昌中小300N","0","0","0.00","0.00","0.00","0.00"," 0.00","0"
"020007","凱基臺灣500N","0","0","0.00","0.00","0.00","0.00"," 0.00","0"
"020008","元大特股高息N","58,000","598,160","10.31","10.32","10.30","10.31","+0.02","20"
"020011","統一微波高息20N","13,000","60,710","4.67","4.67","4.67","4.67","-0.02","3"
"020012","富邦行動通訊N","884,000","4,343,990","4.90","4.94","4.88","4.94","+0.04","62"
"020015","統一MSCI美低波N","373,000","4,290,560","11.49","11.56","11.46","11.56","-0.16","108"
"020016","統一MSCI美科技N","183,000","2,208,130","12.04","12.12","12.02","12.12","-0.23","70"
"02001L","富邦蘋果正二N","244,000","1,458,700","5.90","6.06","5.86","6.06","+0.07","14"
"02001R","富邦蘋果反一N","97,000","441,300","4.57","4.58","4.52","4.52","-0.01","23"
"1101","台泥","16,361,936","695,975,641","42.70","42.90","42.30","42.90","-0.05","7,256"
"1101B","台泥乙特","3,040","165,668","54.50","54.50","54.50","54.50"," 0.00","3"
"1102","亞泥","4,072,473","179,052,273","44.10","44.15","43.80","43.95","-0.25","2,153"
"1103","嘉泥","834,490","13,830,952","16.60","16.70","16.50","16.65","-0.05","308"
"1104","環泥","373,082","6,529,691","17.45","17.60","17.40","17.60","-0.10","214"
"1108","幸福","191,200","1,497,009","7.80","7.88","7.80","7.86","+0.06","57"
"1109","信大","307,270","5,428,113","17.80","17.80","17.55","17.70","-0.15","154"
"1110","東泥","21,000","328,050","15.50","15.65","15.50","15.65","+0.20","10"
"1201","味全","1,547,707","34,563,925","22.40","22.65","22.00","22.60","+0.10","736"
"1203","味王","74,855","2,095,015","28.00","28.15","27.85","28.05","+0.05","41"
"1210","大成","2,153,540","90,586,689","41.80","42.50","41.55","42.35","+0.20","1,323"
"1213","大飲","1,000","6,020","6.02","6.02","6.02","6.02","-0.03","1"
"1215","卜蜂","3,218,738","228,861,697","70.10","71.90","70.00","71.90","+0.90","2,227"
"1216","統一","5,800,381","405,586,835","69.50","70.40","69.30","70.40","+1.00","2,656"
"1217","愛之味","2,019,300","14,333,348","7.12","7.15","7.06","7.10","-0.02","599"
"1218","泰山","5,199,247","129,893,839","24.65","25.45","24.60","25.00","+0.60","2,688"
"1219","福壽","41,610","772,533","18.50","18.60","18.50","18.60","-0.05","23"
"1220","台榮","81,001","858,660","10.60","10.65","10.50","10.65","+0.10","34"
"1225","福懋油","176,145","6,669,751","37.75","38.00","37.60","37.80","+0.15","74"
"1227","佳格","1,178,333","79,345,471","66.50","68.20","66.20","67.90","+1.40","910"
"1229","聯華","6,992,898","291,499,366","41.30","42.20","41.10","41.80"," 0.00","3,682"
"1231","聯華食","174,460","7,203,605","41.50","41.55","41.05","41.40","-0.10","145"
"1232","大統益","18,385","2,147,621","116.50","117.50","116.00","117.50","+0.50","28"
"1233","天仁","18,699","664,017","35.35","35.80","35.35","35.80","-0.30","18"
"1234","黑松","40,648","1,294,636","31.90","31.90","31.65","31.90"," 0.00","33"
"1235","興泰","15,649","417,827","26.60","26.90","26.60","26.90","-0.20","18"
"1236","宏亞","315,001","3,753,662","12.10","12.25","11.85","11.90","-0.35","56"
"1256","鮮活果汁-KY","42,111","8,410,311","200.00","200.00","199.00","200.00","-0.50","144"
"1301","台塑","15,932,450","1,354,166,625","85.80","85.90","84.00","85.10","-1.40","9,280"
"1303","南亞","3,629,347","230,895,908","63.40","64.00","63.20","64.00","+0.50","1,884"
"1304","台聚","1,286,549","15,367,638","11.95","12.05","11.85","12.05"," 0.00","404"
"1305","華夏","1,958,579","34,920,695","18.00","18.05","17.65","18.00","-0.05","1,032"
"1307","三芳","2,058,150","50,375,687","24.10","24.75","24.10","24.60","+0.60","1,127"
"1308","亞聚","2,256,250","38,219,907","17.05","17.10","16.80","16.90","-0.25","904"
"1309","台達化","2,924,129","29,618,181","10.00","10.40","9.96","10.40","+0.30","635"
"1310","台苯","1,311,960","21,683,381","16.50","16.70","16.35","16.70","+0.10","675"
"1312","國喬","3,080,950","43,842,825","14.35","14.40","14.10","14.30","-0.15","967"
"1312A","國喬特","10,000","301,950","30.10","30.40","30.10","30.40"," 0.00","7"
"1313","聯成","913,152","8,612,361","9.50","9.51","9.33","9.43","-0.07","286"
"1314","中石化","14,075,774","116,918,478","8.35","8.36","8.25","8.34","-0.08","3,083"
"1315","達新","320,400","15,540,007","48.55","48.75","48.35","48.55"," 0.00","169"
"1316","上曜","465,903","5,447,855","11.50","11.80","11.45","11.80","+0.20","285"
"1319","東陽","2,154,304","77,548,933","36.40","36.75","35.50","36.00","-0.95","1,391"
"1321","大洋","151,327","4,484,560","29.70","29.80","29.45","29.70","-0.10","75"
"1323","永裕","187,755","6,218,715","32.90","33.50","32.65","33.50","+0.50","87"
"1324","地球","7,102","64,678","9.08","9.16","9.07","9.10","+0.03","9"
"1325","恆大","3,028,285","304,621,940","98.90","104.00","96.00","104.00","+9.10","1,372"
"1326","台化","4,342,288","318,172,645","73.20","73.90","72.80","73.90","+0.50","2,628"
"1337","再生-KY","874,909","4,295,585","4.95","5.06","4.84","5.00","+0.05","293"
"1338","廣華-KY","345,000","17,870,800","52.00","52.40","51.30","51.70","-0.40","299"
"1339","昭輝","162,025","6,478,812","39.85","40.30","39.85","40.05","+0.20","112"
"1340","勝悅-KY","255,527","2,564,586","10.20","10.20","9.97","10.05","-0.20","144"
"1341","富林-KY","42,006","2,549,972","62.00","62.10","60.00","60.00","-2.00","25"
"1402","遠東新","11,350,961","302,579,991","26.60","26.95","26.50","26.60","-0.25","4,536"
"1409","新纖","2,360,198","26,174,130","11.00","11.15","10.95","11.10","+0.10","793"
"1410","南染","67,009","2,029,717","30.50","30.80","30.20","30.20","X0.00","21"
"1413","宏洲","41,905","294,804","7.06","7.06","7.00","7.04","-0.06","18"
"1414","東和","129,834","854,992","6.58","6.61","6.57","6.61","-0.01","56"
"1416","廣豐","155,702","1,759,922","11.25","11.40","11.15","11.40","+0.05","68"
"1417","嘉裕","443,991","3,549,810","8.08","8.08","7.94","7.98","-0.07","177"
"1418","東華","1,135","5,730","0.00","0.00","0.00","0.00"," 0.00","5"
"1419","新紡","27,100","1,088,440","39.90","40.60","39.90","40.60","+0.70","15"
"1423","利華","111,239","1,217,879","10.90","11.00","10.90","10.95"," 0.00","34"
"1432","大魯閣","65,378","383,109","5.89","5.94","5.80","5.93","+0.04","38"
"1434","福懋","1,532,810","51,587,175","33.45","33.90","33.35","33.90","+0.60","800"
"1435","中福","110,530","887,690","7.95","8.09","7.95","8.07","+0.02","42"
"1436","華友聯","53,000","1,974,900","37.50","37.50","37.05","37.40","-0.10","43"
"1437","勤益控","148,017","3,014,698","20.45","20.45","20.30","20.35","-0.15","74"
"1438","裕豐","10,549","124,891","11.85","11.95","11.70","11.70","-0.25","14"
"1439","中和","1,107,260","38,733,738","34.35","35.35","34.20","35.10","+0.75","577"
"1440","南紡","585,695","5,056,158","8.60","8.68","8.60","8.67","+0.03","227"
"1441","大東","70,284","504,333","7.15","7.22","7.01","7.22"," 0.00","33"
"1442","名軒","147,864","2,615,827","17.55","17.85","17.45","17.80","+0.15","71"
"1443","立益","33,936","316,343","9.49","9.53","8.90","9.45","+0.78","19"
"1444","力麗","1,017,970","6,908,842","6.71","6.88","6.66","6.84","+0.06","325"
"1445","大宇","103,001","865,398","8.35","8.48","8.30","8.41","+0.07","40"
"1446","宏和","58,000","1,699,900","29.20","29.70","29.15","29.25"," 0.00","42"
"1447","力鵬","296,329","1,742,947","5.90","5.93","5.84","5.90","-0.03","144"
"1449","佳和","793,967","10,918,793","13.60","13.90","13.55","13.85","-0.10","312"
"1451","年興","726,595","10,689,011","15.15","15.15","14.45","14.80","-0.45","323"
"1452","宏益","203,112","3,440,470","16.80","17.05","16.80","17.05","+0.30","121"
"1453","大將","20,200","141,949","7.00","7.15","7.00","7.09","+0.04","15"
"1454","台富","48,941","384,448","7.94","7.95","7.82","7.82","-0.10","14"
"1455","集盛","530,827","3,732,575","7.01","7.07","7.01","7.05"," 0.00","136"
"1456","怡華","19,058","152,503","8.00","8.09","7.96","8.09","+0.09","14"
"1457","宜進","647,687","7,936,477","12.15","12.35","12.15","12.30","+0.20","229"
"1459","聯發","72,482","494,385","6.83","6.86","6.81","6.81","-0.03","31"
"1460","宏遠","5,986,569","52,145,624","8.22","9.02","8.19","8.55","+0.35","2,064"
"1463","強盛","147,000","1,676,850","11.30","11.50","11.30","11.45","+0.15","56"
"1464","得力","951,012","19,663,146","20.40","20.90","20.40","20.85","+0.50","471"
"1465","偉全","177,250","2,740,625","15.40","15.55","15.40","15.50","+0.05","111"
"1466","聚隆","22,279","173,476","7.78","7.80","7.77","7.77","+0.07","12"
"1467","南緯","5,121,264","52,846,139","9.94","10.55","9.71","10.45","+0.50","864"
"1468","昶和","10,000","99,270","9.76","9.95","9.76","9.94","-0.04","10"
"1470","大統新創","0","0","0.00","0.00","0.00","0.00"," 0.00","0"
"1471","首利","90,411","191,408","2.11","2.17","2.09","2.17","-0.03","25"
"1472","三洋紡","209,900","2,549,144","12.10","12.30","12.05","12.05"," 0.00","91"
"1473","台南","97,642","1,945,895","20.20","20.20","19.80","20.00"," 0.00","72"
"1474","弘裕","421,000","4,061,700","9.70","9.70","9.60","9.60"," 0.00","143"
"1475","本盟","26,000","403,000","15.50","15.50","15.50","15.50"," 0.00","7"
"1476","儒鴻","1,425,177","385,139,175","269.00","272.00","267.00","270.50","-0.50","1,084"
"1477","聚陽","781,571","90,877,080","116.00","117.00","115.50","116.50","-0.50","704"
"1503","士電","101,295","4,351,116","42.80","43.20","42.75","43.15","+0.40","57"
"1504","東元","2,674,145","72,035,143","26.90","27.00","26.85","26.90"," 0.00","1,122"
"1506","正道","831,257","11,274,918","13.95","13.95","13.30","13.50","-0.45","331"
"1507","永大","93,531","5,472,651","58.10","58.90","58.10","58.60","+0.30","78"
"1512","瑞利","66,040","232,149","3.50","3.52","3.50","3.51","+0.06","18"
"1513","中興電","6,355,397","173,631,099","26.70","27.70","26.65","27.50","-0.15","2,674"
"1514","亞力","3,465,030","71,650,408","20.60","21.00","20.40","20.40","-0.05","1,287"
"1515","力山","6,407,069","461,379,368","71.30","73.30","70.50","72.10","+2.20","4,203"
"1516","川飛","78,000","1,067,150","13.85","13.85","13.55","13.85","+0.15","30"
"1517","利奇","202,025","1,591,757","7.97","7.97","7.80","7.93","-0.02","59"
"1519","華城","484,398","13,375,973","27.50","27.95","27.20","27.45","+0.05","304"
"1521","大億","32,236","1,858,006","57.40","58.10","57.00","57.80","+0.50","28"
"1522","堤維西","276,025","6,548,142","23.90","23.90","23.65","23.70","-0.05","170"
"1524","耿鼎","250,282","2,164,606","8.59","8.76","8.50","8.60","+0.10","88"
"1525","江申","32,000","1,399,300","44.00","44.15","43.55","43.95","-0.30","31"
"1526","日馳","278,001","5,397,169","19.35","19.70","19.10","19.60","+0.15","142"
"1527","鑽全","986,060","38,738,477","39.80","39.80","39.00","39.35","-0.50","673"
"1528","恩德","167,363","1,258,702","7.43","7.58","7.43","7.54","+0.06","96"
"1529","樂士","71,730","1,061,204","14.95","14.95","14.70","14.90","+0.15","41"
"1530","亞崴","113,500","3,626,298","31.45","32.15","31.40","31.95","+0.10","79"
"1531","高林股","128,999","1,656,135","12.90","12.95","12.70","12.95","-0.05","76"
"1532","勤美","1,825,499","48,876,194","26.40","27.45","26.35","27.20","+1.70","1,078"
"1533","車王電","65,040","1,746,876","27.00","27.00","26.40","26.90","-0.40","47"
"1535","中宇","27,100","902,165","33.20","33.60","33.20","33.45","-0.35","21"
"1536","和大","2,038,763","196,344,832","96.80","97.90","95.10","97.00","-0.20","1,623"
"1537","廣隆","69,314","9,888,716","142.00","143.50","142.00","143.00","+1.00","68"
"1538","正峰新","5,999","14,936","2.50","2.50","2.50","2.50","+0.07","4"
"1539","巨庭","554,155","9,032,865","15.05","16.55","15.00","16.55","+1.50","300"
"1540","喬福","229,449","3,585,071","15.45","15.75","15.45","15.70","+0.25","100"
"1541","錩泰","147,152","5,457,124","36.30","37.40","36.30","37.10","+0.20","82"
"1558","伸興","42,771","5,661,043","132.50","133.00","132.00","133.00"," 0.00","50"
"1560","中砂","338,280","20,251,303","59.80","60.60","59.10","60.30"," 0.00","237"
"1568","倉佑","839,126","12,970,940","16.10","16.10","15.20","15.30","-0.90","634"
"1582","信錦","568,870","47,338,367","83.50","83.60","82.60","83.50","+0.20","425"
"1583","程泰","10,100","621,150","61.00","62.00","61.00","61.30","-0.40","9"
"1587","吉茂","28,513","372,744","13.00","13.15","13.00","13.15"," 0.00","8"
"1589","永冠-KY","358,000","21,953,700","61.70","62.10","61.00","61.60","+0.80","239"
"1590","亞德客-KY","1,079,847","596,032,391","549.00","565.00","541.00","553.00","+1.00","969"
"1592","英瑞-KY","1,024,000","11,235,350","10.90","11.20","10.70","10.95"," 0.00","350"
"1598","岱宇","528,651","20,499,939","39.00","39.25","38.50","39.25","+0.35","351"
"1603","華電","95,000","2,631,700","27.95","27.95","27.35","27.95","+0.25","66"
"1604","聲寶","870,938","17,180,471","19.65","19.85","19.60","19.85","+0.20","259"
"1605","華新","4,214,616","54,088,624","12.80","12.95","12.70","12.85"," 0.00","1,101"
"1608","華榮","801,507","7,402,098","9.15","9.34","9.13","9.27","+0.02","292"
"1609","大亞","7,445,746","80,910,120","10.65","11.15","10.50","10.95","+0.30","2,069"
"1611","中電","1,242,707","16,665,197","13.55","13.65","13.30","13.40","-0.20","561"
"1612","宏泰","209,500","2,190,099","10.40","10.50","10.40","10.50","+0.05","66"
"1614","三洋電","34,100","1,043,575","30.80","30.80","30.55","30.80","+0.20","14"
"1615","大山","232,007","5,313,609","23.20","23.20","22.70","23.00"," 0.00","135"
"1616","億泰","42,000","178,230","4.40","4.40","4.20","4.23","-0.02","21"
"1617","榮星","15,100","160,880","10.60","10.75","10.55","10.75","-0.10","8"
"1618","合機","73,196","575,148","7.92","7.92","7.84","7.85"," 0.00","32"
"1626","艾美特-KY","110,000","2,657,700","24.45","24.60","23.70","24.60"," 0.00","58"
"1701","中化","5,652,961","123,993,092","21.90","22.20","21.60","22.15","+0.50","2,501"
"1702","南僑","139,550","6,213,986","44.70","44.80","44.20","44.80","+0.10","116"
"1707","葡萄王","979,158","188,375,626","195.50","195.50","190.00","194.50","-1.00","861"
"1708","東鹼","472,367","11,477,660","24.40","24.50","24.25","24.30","-0.15","195"
"1709","和益","401,686","5,103,072","12.65","12.75","12.65","12.70","+0.05","142"
"1710","東聯","1,280,807","21,748,219","17.00","17.20","16.80","17.00","-0.05","559"
"1711","永光","2,758,289","42,325,077","15.70","15.80","15.05","15.30","-0.50","1,311"
"1712","興農","1,050,617","19,171,134","18.15","18.35","18.15","18.20"," 0.00","436"
"1713","國化","22,256","397,229","17.85","17.85","17.85","17.85","-0.05","13"
"1714","和桐","2,237,083","16,312,578","7.34","7.34","7.24","7.31","-0.03","622"
"1717","長興","3,680,829","105,510,140","28.20","29.05","28.00","28.95","+0.55","1,666"
"1718","中纖","1,953,349","12,434,217","6.38","6.42","6.31","6.39"," 0.00","481"
"1720","生達","3,452,890","138,073,130","40.70","41.00","39.30","39.85","-0.85","1,920"
"1721","三晃","152,757","1,564,520","10.20","10.35","10.15","10.30","+0.15","51"
"1722","台肥","6,496,541","317,221,443","48.05","49.45","47.85","49.25","+1.15","3,726"
"1723","中碳","306,367","30,986,003","101.50","101.50","100.50","101.50","-0.50","256"
"1724","台硝","10,401","125,031","12.00","12.10","11.90","12.00"," 0.00","13"
"1725","元禎","13,300","186,350","14.15","14.15","13.90","14.00","-0.15","13"
"1726","永記","4,001","276,169","68.50","69.40","68.50","69.40","+0.20","5"
"1727","中華化","470,537","4,381,465","9.59","9.59","9.20","9.26","-0.54","227"
"1730","花仙子","538,728","38,509,816","70.30","72.50","70.20","71.50","+1.40","426"
"1731","美吾華","703,496","9,702,968","13.80","13.90","13.65","13.85"," 0.00","295"
"1732","毛寶","1,839,210","60,220,611","33.00","33.30","32.00","33.15","-0.35","1,027"
"1733","五鼎","348,752","7,969,446","23.10","23.10","22.60","23.00","-0.10","198"
"1734","杏輝","534,948","11,083,461","20.50","20.90","20.50","20.85","+0.25","259"
"1735","日勝化","0","0","0.00","0.00","0.00","0.00"," 0.00","0"
"1736","喬山","1,693,465","105,479,301","60.60","63.40","60.60","62.40","+1.10","1,218"
"1737","臺鹽","155,598","4,809,641","31.00","31.00","30.85","30.95","-0.05","87"
"1760","寶齡富錦","27,293,183","4,035,527,576","141.00","154.00","141.00","154.00","+14.00","16,502"
"1762","中化生","35,614,114","2,365,862,766","62.80","69.00","62.00","69.00","+6.20","19,887"
"1773","勝一","144,553","13,845,250","95.50","96.70","94.70","96.70","+0.90","118"
"1776","展宇","23,000","392,550","16.75","17.40","16.75","17.15","+0.40","18"
"1783","和康生","1,046,320","27,634,094","25.40","27.00","25.40","26.40","+0.95","698"
"1786","科妍","167,941","10,542,558","61.70","63.50","61.70","63.50","+0.90","137"
"1789","神隆","13,605,024","446,017,171","31.75","33.70","31.20","32.90","+1.30","7,525"
"1795","美時","1,377,185","107,491,121","78.90","79.00","77.30","78.10","+0.80","1,116"
"1802","台玻","827,922","7,263,293","8.84","8.84","8.75","8.77","-0.05","249"
"1805","寶徠","10,000","83,370","8.30","8.43","8.30","8.37","+0.05","7"
"1806","冠軍","163,598","801,500","4.86","4.95","4.83","4.92","+0.01","75"
"1808","潤隆","77,000","4,522,500","58.50","59.00","58.50","58.80","-0.10","63"
"1809","中釉","156,439","1,408,196","8.90","9.09","8.90","9.04","+0.04","82"
"1810","和成","357,900","2,614,056","7.31","7.33","7.29","7.30","-0.05","62"
"1817","凱撒衛","72,700","2,136,300","29.65","29.65","29.20","29.65","-0.05","62"
"1902","台紙","378,653","7,818,983","20.65","20.70","20.65","20.65","-0.05","133"
"1903","士紙","189,203","7,581,599","39.90","41.00","39.40","40.80","+0.80","99"
"1904","正隆","6,727,466","148,528,466","22.50","22.55","21.85","21.90","-0.50","3,104"
"1905","華紙","622,394","4,600,340","7.46","7.46","7.36","7.38","-0.09","199"
"1906","寶隆","184,574","2,278,215","12.50","12.50","12.25","12.35","-0.05","107"
"1907","永豐餘","1,284,392","16,306,041","12.70","12.80","12.65","12.75"," 0.00","405"
"1909","榮成","3,126,199","38,962,735","12.55","12.55","12.35","12.45","-0.15","914"
"2002","中鋼","15,238,466","299,339,470","19.60","19.85","19.55","19.85","+0.25","4,938"
"2002A","中鋼特","10,292","547,422","53.10","53.40","53.10","53.40"," 0.00","8"
"2006","東和鋼鐵","1,443,605","33,406,358","23.15","23.30","23.00","23.25","+0.30","542"
"2007","燁興","7,817","29,839","3.83","3.85","3.81","3.85","+0.01","12"
"2008","高興昌","176","2,173","0.00","0.00","0.00","0.00"," 0.00","1"
"2009","第一銅","237,166","1,751,498","7.45","7.45","7.35","7.41","-0.09","89"
"2010","春源","245,284","2,265,755","9.20","9.30","9.20","9.30"," 0.00","92"
"2012","春雨","51,226","892,426","17.25","17.60","17.25","17.60","-0.05","36"
"2013","中鋼構","394,483","9,299,297","23.80","23.95","23.30","23.50","-0.30","275"
"2014","中鴻","1,268,947","9,516,070","7.50","7.53","7.45","7.50","-0.07","400"
"2015","豐興","67,300","3,488,687","51.60","52.00","51.60","52.00","+0.30","67"
"2017","官田鋼","497,375","3,357,920","6.66","6.80","6.63","6.78","+0.13","141"
"2020","美亞","2,375,349","41,952,920","17.80","17.80","17.50","17.70","-0.45","1,098"
"2022","聚亨","1,314,081","5,255,571","3.98","4.03","3.97","4.02","+0.03","166"
"2023","燁輝","701,470","5,976,844","8.59","8.59","8.49","8.54","-0.05","260"
"2024","志聯","16,180","194,060","12.00","12.00","11.95","12.00","-0.05","9"
"2025","千興","97,001","181,291","1.83","1.88","1.83","1.88","+0.05","20"
"2027","大成鋼","2,810,425","74,948,931","26.60","26.80","26.50","26.80"," 0.00","1,183"
"2028","威致","43,504","404,607","9.20","9.50","9.20","9.45","+0.07","12"
"2029","盛餘","95,630","1,512,618","15.80","16.10","15.75","16.10","+0.20","60"
"2030","彰源","195,459","2,004,854","10.40","10.40","10.20","10.25","-0.15","81"
"2031","新光鋼","452,773","11,122,795","24.50","24.85","24.45","24.45","-0.15","225"
"2032","新鋼","6,000","50,030","8.33","8.38","8.33","8.38","+0.05","4"
"2033","佳大","22,444","210,456","9.40","9.47","9.21","9.41","-0.04","33"
"2034","允強","336,411","7,923,889","23.65","23.65","23.50","23.60","-0.05","187"
"2038","海光","59,150","350,909","5.97","5.97","5.89","5.96","+0.01","30"
"2049","上銀","2,188,133","635,026,070","295.00","295.00","288.00","290.00","-4.50","1,790"
"2059","川湖","358,735","111,084,320","311.00","311.50","307.50","309.00","-3.50","298"
"2062","橋椿","200,000","3,878,200","19.30","19.55","19.20","19.50","+0.25","121"
"2069","運錩","148,284","2,381,128","15.85","16.20","15.85","16.10"," 0.00","37"
"2101","南港","2,825,871","110,281,806","39.25","39.80","38.55","39.20","-0.25","1,289"
"2102","泰豐","2,049,266","33,689,141","16.40","16.60","16.30","16.45"," 0.00","691"
"2103","台橡","3,011,878","49,495,798","16.50","16.75","16.20","16.65","+0.05","1,350"
"2104","國際中橡","3,554,366","72,531,303","20.60","20.60","20.20","20.45","-0.20","1,572"
"2105","正新","3,366,542","111,519,039","33.35","33.60","33.00","33.05","-0.30","2,108"
"2106","建大","1,331,697","35,745,026","26.60","27.20","26.35","27.00","+0.35","628"
"2107","厚生","489,355","8,755,332","17.70","17.95","17.70","17.95","+0.05","210"
"2108","南帝","18,014,333","713,304,957","37.50","41.05","37.00","38.90","+1.40","10,441"
"2109","華豐","445,433","5,710,913","12.85","13.10","12.55","12.90"," 0.00","175"
"2114","鑫永銓","120,085","9,485,357","79.00","79.10","78.80","79.00"," 0.00","92"
"2115","六暉-KY","50,049","1,949,913","39.00","39.05","38.85","38.90","+0.05","38"
"2201","裕隆","3,914,238","66,215,019","16.70","17.10","16.60","16.95","+0.20","1,618"
"2204","中華","1,145,150","34,305,161","30.15","30.35","29.75","29.80","-0.50","594"
"2206","三陽工業","382,244","7,566,678","19.75","19.90","19.65","19.85","-0.05","192"
"2207","和泰車","345,566","178,614,320","513.00","521.00","512.00","517.00","-2.00","326"
"2208","台船","2,811,727","70,311,853","25.00","25.45","24.70","24.85","+0.10","1,337"
"2227","裕日車","490,378","127,266,292","260.00","263.00","256.00","261.00","-7.00","441"
"2228","劍麟","625,753","54,871,210","89.00","89.40","86.40","88.10","-0.80","545"
"2231","為升","3,013,108","489,050,320","165.50","166.50","159.00","163.00","-3.50","2,378"
"2233","宇隆","302,095","18,404,627","60.80","61.30","60.50","60.80","-0.50","223"
"2236","百達-KY","36,501","573,789","15.80","15.90","15.60","15.70","-0.10","29"
"2239","英利-KY","199,319","12,631,987","63.60","64.20","62.10","63.60","-1.30","182"
"2243","宏旭-KY","56,000","569,750","10.30","10.35","10.00","10.00","-0.35","31"
"2301","光寶科","5,661,560","265,424,056","46.85","47.00","46.70","46.85","-0.05","3,417"
"2302","麗正","92,379","659,920","7.28","7.28","7.02","7.11","-0.17","57"
"2303","聯電","30,545,962","473,588,136","15.40","15.60","15.35","15.60","+0.15","5,718"
"2305","全友","349,444","1,904,165","5.45","5.49","5.36","5.44","+0.01","118"
"2308","台達電","8,285,650","1,149,100,314","133.50","140.50","133.50","140.50","+3.50","3,890"
"2312","金寶","19,775,737","231,835,151","11.80","11.95","11.60","11.80"," 0.00","3,106"
"2313","華通","29,574,542","1,297,960,454","44.20","44.25","43.55","44.10","-0.15","14,144"
"2314","台揚","855,967","18,534,474","21.30","21.85","21.30","21.75","+0.20","467"
"2316","楠梓電","6,871,969","232,498,882","32.95","34.50","32.85","34.10","+1.35","3,236"
"2317","鴻海","43,132,241","3,378,556,440","77.70","78.80","77.70","78.80","+1.50","21,005"
"2321","東訊","26,497","36,439","1.35","1.40","1.35","1.40"," 0.00","8"
"2323","中環","14,203,180","112,406,652","7.90","8.03","7.84","7.85","-0.05","3,099"
"2324","仁寶","10,306,071","195,437,449","18.80","19.05","18.75","19.00","+0.20","3,431"
"2327","國巨","22,286,620","8,964,147,600","404.00","408.00","397.00","402.50","-3.50","16,323"
"2328","廣宇","1,348,154","25,378,756","18.80","18.95","18.70","18.85","-0.15","643"
"2329","華泰","2,303,462","27,790,411","12.00","12.20","11.95","12.10","-0.05","638"
"2330","台積電","46,158,418","13,619,538,824","293.00","297.00","292.50","297.00","+2.00","14,555"
"2331","精英","580,669","6,712,392","11.40","11.75","11.35","11.60","+0.10","275"
"2332","友訊","9,451,583","121,535,476","12.50","13.25","12.40","13.20","+0.65","2,132"
"2337","旺宏","69,083,637","2,386,092,704","34.85","35.00","34.10","34.55","-0.65","27,307"
"2338","光罩","7,459,983","239,484,549","31.75","32.50","31.60","32.15","+0.55","3,614"
"2340","光磊","1,737,113","37,558,781","21.60","21.80","21.40","21.70","-0.25","731"
"2342","茂矽","19,045,681","559,529,919","29.45","29.90","28.70","29.60","+0.30","8,546"
"2344","華邦電","21,938,652","292,836,223","13.40","13.50","13.20","13.40","-0.10","4,462"
"2345","智邦","4,716,530","975,182,491","204.00","209.50","203.50","209.50","+5.00","3,471"
"2347","聯強","9,607,661","391,496,810","40.00","41.25","40.00","41.00","+1.60","4,814"
"2348","海悅","373,495","22,251,199","59.30","59.90","59.10","59.80","+0.30","206"
"2349","錸德","26,273,249","154,226,982","5.88","5.88","5.68","5.88","+0.53","4,532"
"2351","順德","703,000","32,251,300","45.20","46.20","45.00","45.95","+0.45","401"
"2352","佳世達","4,865,197","80,570,776","16.65","16.70","16.40","16.70"," 0.00","1,445"
"2353","宏碁","6,065,945","99,458,528","16.35","16.45","16.30","16.40","+0.05","1,740"
"2354","鴻準","2,494,311","141,312,027","56.20","56.90","56.20","56.80","+0.30","1,636"
"2355","敬鵬","2,042,000","49,079,848","24.35","24.40","23.85","24.00","-0.45","948"
"2356","英業達","10,156,414","237,488,074","23.25","23.60","23.10","23.50","+0.20","3,708"
"2357","華碩","1,240,638","249,935,876","201.00","202.50","200.00","201.50","+0.50","841"
"2358","廷鑫","128,006","1,882,638","14.70","14.95","14.40","14.90","+0.15","78"
"2359","所羅門","426,063","8,094,247","18.95","19.10","18.95","19.10"," 0.00","157"
"2360","致茂","1,307,217","176,230,578","138.00","138.00","134.00","134.00","-4.50","1,066"
"2362","藍天","171,179","5,111,670","29.80","30.00","29.65","29.90","+0.20","114"
"2363","矽統","10,352,035","121,817,349","11.55","11.95","11.50","11.80","+0.20","2,741"
"2364","倫飛","149,367","313,725","2.18","2.20","2.00","2.19","-0.03","34"
"2365","昆盈","598,014","4,774,188","8.02","8.07","7.92","7.94","-0.13","186"
"2367","燿華","8,518,350","198,785,822","23.50","23.60","23.10","23.30","-0.30","3,880"
"2368","金像電","87,764,602","3,008,705,867","34.50","35.30","33.60","33.60","-0.90","30,277"
"2369","菱生","982,100","9,687,774","9.80","9.94","9.80","9.89","+0.04","349"
"2371","大同","6,038,547","128,310,982","21.00","21.45","20.90","21.20","+0.30","2,308"
"2373","震旦行","10,521","945,633","90.00","90.00","89.40","90.00"," 0.00","12"
"2374","佳能","136,812","1,622,805","11.90","11.90","11.80","11.90"," 0.00","88"
"2375","凱美","3,059,927","116,549,426","38.50","38.65","37.65","37.90","-0.50","1,881"
"2376","技嘉","44,771,537","2,633,062,695","56.70","60.00","56.70","59.50","+3.70","24,831"
"2377","微星","19,906,766","2,012,150,022","99.10","103.00","98.90","102.00","+3.60","11,693"
"2379","瑞昱","4,114,462","1,021,631,462","242.00","251.50","242.00","251.50","+7.50","3,008"
"2380","虹光","117,602","435,563","3.69","3.73","3.69","3.72","+0.01","54"
"2382","廣達","6,963,950","455,190,100","65.30","65.60","65.10","65.50","-0.10","3,807"
"2383","台光電","7,089,926","1,031,025,223","144.00","148.00","141.50","145.50","+1.50","4,615"
"2385","群光","3,056,994","247,241,703","80.00","81.50","80.00","80.80","+0.50","2,088"
"2387","精元","2,246,534","71,297,848","32.00","32.60","31.15","31.60","-0.75","1,141"
"2388","威盛","687,847","19,992,743","29.00","29.35","28.70","29.30","+0.10","416"
"2390","云辰","827,457","7,107,669","8.49","8.77","8.44","8.56","+0.20","328"
"2392","正崴","2,509,545","94,887,074","37.85","38.10","37.60","37.95","-0.25","1,270"
"2393","億光","1,705,147","57,868,501","34.35","34.35","33.70","34.05","-0.25","1,158"
"2395","研華","754,196","217,692,948","285.00","291.00","285.00","288.00","+0.50","572"
"2397","友通","84,000","6,477,100","76.30","77.70","76.10","77.50","+0.70","65"
"2399","映泰","917,336","9,268,440","9.92","10.25","9.87","10.05","+0.13","417"
"2401","凌陽","777,019","8,090,791","10.40","10.55","10.35","10.40","-0.05","296"
"2402","毅嘉","668,210","8,585,803","12.90","13.00","12.75","12.90","-0.10","295"
"2404","漢唐","979,668","192,432,753","198.00","198.00","195.00","196.50","-1.00","844"
"2405","浩鑫","1,193,072","11,778,074","9.88","9.99","9.72","9.99","+0.11","361"
"2406","國碩","2,755,179","29,303,023","10.25","10.85","10.25","10.60","+0.30","1,057"
"2408","南亞科","11,985,748","754,892,683","63.00","63.50","62.60","62.90","-0.70","5,941"
"2409","友達","97,178,866","766,340,356","8.02","8.03","7.81","7.83","-0.19","16,781"
"2412","中華電","4,542,908","499,393,380","110.00","110.50","109.50","110.00"," 0.00","1,821"
"2413","環科","182,102","2,193,928","11.90","12.15","11.90","12.05","+0.05","86"
"2414","精技","214,277","5,133,218","23.95","24.15","23.85","23.90","-0.05","125"
"2415","錩新","2,049,945","33,870,557","16.00","17.05","15.75","17.05","+1.55","1,052"
"2417","圓剛","3,725,617","51,167,537","13.65","14.00","13.60","13.60","-0.05","1,407"
"2419","仲琦","267,880","5,559,304","20.90","20.90","20.60","20.75","-0.15","162"
"2420","新巨","390,060","13,118,370","33.30","34.10","33.25","34.05","+0.50","263"
"2421","建準","6,978,237","342,903,149","49.50","49.70","48.40","49.55","+0.05","4,304"
"2423","固緯","235,741","5,632,883","23.80","24.10","23.75","23.95"," 0.00","152"
"2424","隴華","300","5,639","0.00","0.00","0.00","0.00"," 0.00","2"
"2425","承啟","226,780","5,741,855","25.20","25.55","25.20","25.45","-0.05","157"
"2426","鼎元","2,825,488","40,128,823","14.35","14.50","14.00","14.20","-0.05","1,174"
"2427","三商電","234,294","2,367,469","10.05","10.20","10.00","10.15"," 0.00","64"
"2428","興勤","961,525","84,610,300","88.50","88.90","87.30","88.00","-0.80","732"
"2429","銘旺科","160,055","3,263,338","20.30","20.70","19.90","20.70","+0.40","94"
"2430","燦坤","124,832","2,108,974","16.90","16.95","16.85","16.90","-0.10","69"
"2431","聯昌","93,110","784,934","8.38","8.50","8.38","8.43","+0.09","51"
"2433","互盛電","53,800","2,827,600","52.40","52.70","52.30","52.70","+0.20","47"
"2434","統懋","10,035","63,918","6.37","6.37","6.37","6.37","X0.00","7"
"2436","偉詮電","914,210","23,942,976","26.15","26.30","26.05","26.15"," 0.00","533"
"2438","翔耀","4,399","26,392","6.05","6.05","6.04","6.04","-0.03","8"
"2439","美律","1,226,814","162,819,979","132.00","134.00","131.50","133.50","+1.00","942"
"2440","太空梭","52,000","459,430","9.10","9.10","8.75","9.00","-0.25","26"
"2441","超豐","465,682","20,979,974","45.35","45.45","44.85","44.95","-0.15","288"
"2442","新美齊","6,355,799","50,923,642","7.96","8.16","7.91","8.00","+0.01","350"
"2443","億麗","96,999","270,195","2.80","2.82","2.76","2.79","-0.02","48"
"2444","兆勁","1,788,603","29,744,538","16.70","16.80","16.35","16.50","-0.35","212"
"2448","晶電","24,369,853","961,408,419","39.60","39.85","38.90","39.65","-0.15","10,734"
"2449","京元電子","6,842,310","249,172,287","36.20","36.85","36.05","36.60","+0.40","3,441"
"2450","神腦","707,547","19,912,101","28.80","28.80","27.95","28.00","-0.90","431"
"2451","創見","714,299","49,644,838","69.40","69.90","69.10","69.70","+0.10","502"
"2453","凌群","547,000","9,223,750","16.60","17.00","16.60","17.00","+0.40","278"
"2454","聯發科","11,287,740","4,685,732,680","408.50","420.00","407.00","420.00","+13.00","7,564"
"2455","全新","3,412,107","326,591,130","96.10","97.10","94.00","97.00","+1.40","2,495"
"2456","奇力新","6,577,981","690,031,005","106.50","107.50","103.00","105.00","-1.00","4,443"
"2457","飛宏","705,362","4,975,375","6.98","7.13","6.94","7.09","+0.12","227"
"2458","義隆","5,580,714","536,295,059","96.80","97.30","95.20","96.60","-0.30","3,872"
"2459","敦吉","168,005","6,746,652","40.15","40.40","39.95","40.35"," 0.00","104"
"2460","建通","75,224","616,699","8.15","8.25","8.15","8.24"," 0.00","30"
"2461","光群雷","5,399,687","87,481,110","16.05","16.50","15.80","16.10","-0.15","2,282"
"2462","良得電","136,001","3,637,076","26.85","26.85","26.60","26.75"," 0.00","36"
"2464","盟立","903,606","33,696,222","37.35","37.70","37.00","37.50"," 0.00","593"
"2465","麗臺","478,296","4,737,230","9.83","10.20","9.76","9.93","+0.02","255"
"2466","冠西電","54,000","1,630,750","30.10","30.30","30.00","30.30","+0.10","40"
"2467","志聖","2,623,859","76,031,179","28.50","29.35","28.45","29.20","+0.75","1,311"
"2468","華經","128,000","1,612,300","12.60","12.65","12.55","12.65","+0.10","65"
"2471","資通","518,912","11,411,314","21.80","22.15","21.70","21.90","+0.10","320"
"2472","立隆電","6,011,566","255,575,129","40.55","43.60","40.25","43.30","+3.15","3,617"
"2474","可成","4,939,211","1,170,509,240","231.50","243.50","231.00","239.50","+3.50","3,177"
"2476","鉅祥","169,000","3,385,850","20.10","20.25","19.90","20.10"," 0.00","89"
"2477","美隆電","97,000","2,104,700","21.65","21.85","21.55","21.75","+0.10","55"
"2478","大毅","8,535,675","650,318,393","77.40","77.90","74.30","76.70","-0.60","5,887"
"2480","敦陽科","1,527,715","96,288,427","63.70","63.90","61.90","63.40","-0.60","883"
"2481","強茂","2,993,003","74,132,672","24.95","25.10","24.55","25.00","-0.10","1,534"
"2482","連宇","277,772","3,136,262","11.20","11.35","11.05","11.35","+1.00","106"
"2483","百容","110,156","2,174,414","19.90","19.90","19.60","19.65","-0.15","52"
"2484","希華","1,909,127","40,323,287","21.30","21.35","21.00","21.20","-0.20","836"
"2485","兆赫","1,491,785","25,007,157","16.45","17.05","16.45","16.90","+0.25","539"
"2486","一詮","251,816","1,883,925","7.44","7.51","7.44","7.48","-0.06","104"
"2488","漢平","134,134","3,785,069","28.40","28.40","28.10","28.30","-0.10","62"
"2489","瑞軒","835,377","6,139,686","7.39","7.40","7.30","7.35","-0.03","358"
"2491","吉祥全","60,543","447,735","7.50","7.50","7.30","7.42","-0.06","42"
"2492","華新科","13,478,131","2,643,773,200","196.00","201.00","192.00","199.50","+2.00","9,402"
"2493","揚博","2,980,030","99,852,672","33.50","34.15","32.75","34.00","+0.40","1,650"
"2495","普安","157,425","1,792,775","11.30","11.45","11.25","11.45","+0.15","74"
"2496","卓越","38,110","2,381,152","63.10","63.10","61.80","62.60","+0.10","27"
"2497","怡利電","429,792","7,190,484","15.50","16.90","15.50","16.90","+1.50","226"
"2498","宏達電","5,390,075","157,562,944","29.15","29.40","29.00","29.15","+0.05","2,504"
"2501","國建","391,300","7,368,752","18.95","18.95","18.75","18.90"," 0.00","209"
"2504","國產","3,981,180","55,434,436","13.85","14.05","13.80","13.95","+0.05","1,315"
"2505","國揚","6,358,400","130,667,633","20.70","21.00","20.20","21.00","+0.15","2,012"
"2506","太設","40,240","364,277","9.08","9.08","9.05","9.06","-0.02","16"
"2509","全坤建","23,297","482,484","20.70","20.80","20.60","20.70","-0.10","19"
"2511","太子","620,689","6,077,187","9.72","9.89","9.72","9.86","+0.10","271"
"2514","龍邦","344,340","5,308,765","15.30","15.55","15.30","15.45","+0.15","160"
"2515","中工","3,250,259","22,360,284","6.94","6.98","6.85","6.87","-0.07","746"
"2516","新建","21,658","99,966","4.55","4.67","4.55","4.65","+0.03","18"
"2520","冠德","1,417,190","37,165,722","26.20","26.50","25.90","26.40","+0.15","729"
"2524","京城","310,240","10,588,533","34.15","34.35","33.90","34.10","+0.10","109"
"2527","宏璟","787,000","15,475,250","19.80","19.90","19.50","19.75","-0.15","309"
"2528","皇普","10,870","220,960","20.30","20.50","20.25","20.30"," 0.00","12"
"2530","華建","221,076","3,516,254","16.00","16.00","15.85","15.85","-0.20","82"
"2534","宏盛","645,782","10,987,144","17.15","17.15","16.95","17.00","-0.15","369"
"2535","達欣工","604,300","13,030,329","21.60","21.60","21.50","21.60"," 0.00","249"
"2536","宏普","718,486","16,906,892","23.30","23.80","23.15","23.70","+0.45","315"
"2537","聯上發","1,028,372","10,355,480","10.10","10.20","9.98","10.10"," 0.00","383"
"2538","基泰","356,183","3,507,145","9.95","9.95","9.81","9.85","-0.10","139"
"2539","櫻花建","379,290","12,777,010","33.60","33.75","33.55","33.70","+0.05","121"
"2540","愛山林","30,000","864,350","28.80","28.85","28.80","28.85","+0.05","14"
"2542","興富發","4,249,594","187,284,074","44.05","44.25","43.90","44.00","-0.90","2,338"
"2543","皇昌","5,101","33,526","6.57","6.60","6.57","6.60","+0.04","8"
"2545","皇翔","149,200","4,919,190","32.90","33.20","32.70","33.20"," 0.00","76"
"2546","根基","59,316","2,252,088","37.95","38.05","37.80","38.00","+0.10","53"
"2547","日勝生","1,239,439","12,313,756","10.00","10.05","9.82","10.00"," 0.00","456"
"2548","華固","473,626","43,353,673","91.60","91.80","91.30","91.50"," 0.00","404"
"2597","潤弘","34,000","2,125,300","62.30","62.70","62.30","62.50","+0.20","20"
"2601","益航","4,949,465","49,490,010","10.00","10.05","9.98","9.99","-0.01","491"
"2603","長榮","7,022,995","73,978,270","10.50","10.60","10.45","10.60","+0.10","1,612"
"2605","新興","1,127,219","16,206,998","14.35","14.50","14.30","14.50"," 0.00","414"
"2606","裕民","1,597,420","45,187,990","28.50","28.50","28.10","28.30","-0.25","786"
"2607","榮運","766,722","9,835,825","12.90","12.90","12.80","12.80","-0.15","199"
"2608","嘉里大榮","261,414","10,319,555","39.65","39.65","39.35","39.60","-0.15","218"
"2609","陽明","1,644,070","10,579,107","6.27","6.59","6.26","6.59","+0.28","541"
"2610","華航","14,473,576","116,968,117","8.04","8.12","8.01","8.07","-0.06","4,999"
"2611","志信","57,333","346,273","6.02","6.08","6.01","6.08","-0.04","23"
"2612","中航","206,501","4,828,847","23.80","23.80","23.20","23.35","-0.50","124"
"2613","中櫃","36,811","493,447","13.25","13.50","13.25","13.45","+0.15","25"
"2614","東森","57,721,872","1,060,866,691","17.60","19.10","17.45","17.90","+0.50","16,509"
"2615","萬海","3,108,977","49,718,327","16.10","16.15","15.90","15.95","-0.45","990"
"2616","山隆","126,233","3,765,083","29.85","29.85","29.65","29.85"," 0.00","61"
"2617","台航","962,056","14,679,867","15.40","15.40","15.10","15.30","-0.25","397"
"2618","長榮航","10,790,426","119,704,487","11.00","11.20","10.95","11.20","+0.10","2,328"
"2630","亞航","158,000","2,640,450","16.35","17.00","16.35","17.00","+0.15","113"
"2633","台灣高鐵","3,592,281","121,095,065","33.35","34.30","33.30","33.90","+0.50","1,699"
"2634","漢翔","1,552,282","42,796,288","27.50","27.95","27.30","27.85","+0.25","866"
"2636","台驊投控","286,747","6,389,506","22.30","22.50","22.00","22.45","+0.15","144"
"2637","慧洋-KY","1,512,652","36,577,626","24.40","24.40","24.10","24.20","-0.30","525"
"2642","宅配通","373,158","11,511,869","30.80","31.15","30.50","31.15","+0.20","260"
"2701","萬企","28,500","333,171","11.60","11.75","11.60","11.75","+0.05","17"
"2702","華園","257,879","4,050,460","15.70","15.80","15.45","15.70","+0.35","181"
"2704","國賓","82,500","2,178,000","26.40","26.65","26.00","26.65","+0.15","65"
"2705","六福","864,024","10,007,271","10.90","11.95","10.90","11.95","+1.05","342"
"2706","第一店","56,894","739,468","12.90","13.10","12.90","13.10","+0.15","30"
"2707","晶華","581,467","80,414,144","139.00","140.00","137.00","137.50","-2.50","474"
"2712","遠雄來","0","0","0.00","0.00","0.00","0.00"," 0.00","0"
"2722","夏都","11,532","271,052","23.80","23.80","23.05","23.75","+0.55","12"
"2723","美食-KY","705,459","68,851,249","98.00","98.70","96.40","98.30","+0.30","569"
"2727","王品","213,815","14,401,027","67.10","67.70","67.00","67.60","+0.20","184"
"2731","雄獅","262,839","18,485,708","71.50","71.50","69.50","70.50","-1.00","223"
"2739","寒舍","46,000","1,040,900","22.80","22.85","22.45","22.75","-0.25","40"
"2748","雲品","73,000","3,153,300","43.00","43.35","43.00","43.30","+0.15","53"
"2801","彰銀","6,145,073","116,410,615","18.90","19.10","18.80","19.10","+0.20","2,042"
"2809","京城銀","1,444,919","46,988,523","32.35","32.80","32.10","32.65","+0.55","860"
"2812","台中銀","3,903,522","44,544,442","11.35","11.50","11.30","11.40","+0.05","1,034"
"2816","旺旺保","43,100","864,504","20.05","20.10","20.00","20.05","-0.05","24"
"2820","華票","1,911,319","27,927,916","14.60","14.65","14.55","14.60","+0.05","481"
"2823","中壽","8,965,775","182,920,375","20.40","20.50","20.30","20.40","-0.10","3,022"
"2832","台產","47,168","925,665","19.60","19.70","19.55","19.70"," 0.00","32"
"2834","臺企銀","12,645,436","135,901,562","10.70","10.85","10.70","10.70","-0.05","3,047"
"2836","高雄銀","475,848","4,487,964","9.47","9.47","9.41","9.45","-0.04","179"
"2838","聯邦銀","987,200","10,585,959","10.70","10.80","10.65","10.80","+0.10","313"
"2838A","聯邦銀甲特","132,000","7,092,400","53.70","53.80","53.60","53.80","+0.10","105"
"2841","台開","1,711,456","11,181,191","6.56","6.58","6.50","6.55","-0.05","448"
"2845","遠東銀","1,535,347","16,455,230","10.70","10.75","10.65","10.75","+0.05","445"
"2849","安泰銀","323,205","4,667,682","14.20","14.75","14.20","14.45","+0.25","80"
"2850","新產","95,127","3,395,622","35.75","35.85","35.50","35.80","+0.05","66"
"2851","中再保","189,799","3,585,431","18.80","19.00","18.80","19.00"," 0.00","93"
"2852","第一保","48,065","671,860","14.00","14.00","13.90","14.00"," 0.00","36"
"2855","統一證","764,632","10,195,816","13.30","13.40","13.25","13.40","+0.10","239"
"2867","三商壽","2,478,880","23,250,584","9.37","9.46","9.33","9.40","-0.03","773"
"2880","華南金","7,935,683","152,317,749","19.10","19.30","19.10","19.20","+0.05","2,745"
"2881","富邦金","9,772,855","400,273,605","41.15","41.20","40.70","40.95","-0.25","4,148"
"2881A","富邦特","103,230","6,678,575","64.80","64.80","64.60","64.70","-0.10","524"
"2881B","富邦金乙特","59,665","3,771,660","63.10","63.60","63.10","63.60","+0.10","28"
"2882","國泰金","9,596,661","378,452,144","39.40","39.55","39.35","39.55","-0.05","4,915"
"2882A","國泰特","139,235","8,876,045","63.80","63.90","63.60","63.80","-0.10","114"
"2882B","國泰金乙特","27,906","1,771,038","63.50","63.50","63.40","63.40","-0.10","24"
"2883","開發金","15,087,663","136,449,741","9.02","9.07","9.01","9.04"," 0.00","3,380"
"2884","玉山金","17,841,994","482,467,048","26.80","27.15","26.75","27.15","+0.30","6,191"
"2885","元大金","20,109,584","332,504,472","16.45","16.65","16.40","16.65","+0.15","5,779"
"2886","兆豐金","16,241,655","492,500,765","30.30","30.45","30.15","30.30"," 0.00","4,257"
"2887","台新金","11,556,860","144,019,090","12.40","12.55","12.40","12.45"," 0.00","3,318"
"2887E","台新戊特","30,986","1,684,737","54.40","54.40","54.30","54.40"," 0.00","22"
"2887F","台新戊特二","32,600","1,706,119","52.40","52.50","52.20","52.50"," 0.00","23"
"2888","新光金","26,757,116","221,429,201","8.30","8.31","8.25","8.28","-0.03","4,512"
"2888A","新光金甲特","183,486","8,117,102","44.20","44.25","44.20","44.25"," 0.00","47"
"2889","國票金","4,035,032","45,230,978","11.20","11.25","11.15","11.25","+0.05","1,147"
"2890","永豐金","9,595,061","113,428,505","11.80","11.90","11.75","11.80"," 0.00","2,411"
"2891","中信金","30,479,650","598,526,193","19.55","19.80","19.50","19.80","+0.15","7,677"
"2891B","中信金乙特","31,459","2,066,070","65.60","65.90","65.60","65.90","-0.10","17"
"2891C","中信金丙特","11,419","714,586","62.50","62.80","62.50","62.80"," 0.00","15"
"2892","第一金","15,002,883","329,531,976","21.90","22.05","21.90","21.95"," 0.00","5,310"
"2897","王道銀行","315,000","2,229,390","7.09","7.10","7.04","7.10","+0.01","85"
"2897A","王道銀甲特","24,457","249,611","10.20","10.25","10.20","10.25"," 0.00","8"
"2901","欣欣","14,000","321,400","22.95","23.00","22.90","23.00"," 0.00","7"
"2903","遠百","401,639","9,143,649","22.55","22.95","22.55","22.70","+0.10","225"
"2904","匯僑","62,112","1,477,594","23.80","23.85","23.70","23.80"," 0.00","41"
"2905","三商","452,540","9,690,924","21.50","21.50","21.30","21.45","-0.15","243"
"2906","高林","7,515","80,910","10.80","10.80","10.70","10.80","+0.05","13"
"2908","特力","3,176,505","62,616,448","18.80","20.70","18.65","20.35","+1.50","1,217"
"2910","統領","1,000","31,650","31.65","31.65","31.65","31.65","+0.05","1"
"2911","麗嬰房","37,666","227,051","6.01","6.09","6.00","6.05","+0.03","38"
"2912","統一超","1,015,015","309,612,053","306.00","307.00","303.50","305.00","+1.00","764"
"2913","農林","1,136,391","16,290,217","14.25","14.45","14.25","14.30","-0.15","271"
"2915","潤泰全","2,808,368","186,886,456","66.10","67.00","66.10","67.00","+0.10","1,755"
"2923","鼎固-KY","16,000","411,200","25.65","25.75","25.65","25.70","+0.05","10"
"2929","淘帝-KY","3,238,440","193,254,500","59.20","61.00","58.20","60.00","-3.60","2,107"
"2936","客思達-KY","10,000","146,450","14.55","14.75","14.55","14.75","-0.15","7"
"2939","凱羿-KY","460,015","76,699,945","168.50","169.50","163.00","164.00","-6.00","266"
"3002","歐格","269,000","2,937,350","10.70","11.10","10.70","10.95","+0.15","107"
"3003","健和興","1,153,928","45,575,040","38.35","40.00","38.35","39.85","+1.05","625"
"3004","豐達科","304,000","16,675,700","56.00","56.00","54.30","54.80","-0.50","240"
"3005","神基","1,788,941","83,906,298","45.90","47.80","45.85","47.40","+1.20","1,188"
"3006","晶豪科","13,396,302","573,617,807","42.80","43.50","41.50","42.95","-0.25","6,662"
"3008","大立光","544,031","2,243,564,115","4,070.00","4,195.00","4,040.00","4,195.00","+85.00","826"
"3010","華立","224,100","12,228,880","54.60","54.80","54.30","54.60","-0.10","149"
"3011","今皓","90,236","486,639","5.39","5.50","5.28","5.40","+0.01","42"
"3013","晟銘電","202,000","2,571,450","12.65","12.85","12.60","12.75","+0.15","96"
"3014","聯陽","3,929,156","217,929,986","55.10","56.40","54.60","55.20","-0.30","2,361"
"3015","全漢","441,307","9,965,257","23.00","23.00","22.50","22.60","-0.40","222"
"3016","嘉晶","26,758,086","1,522,677,767","53.80","57.90","53.60","57.90","+5.20","12,583"
"3017","奇鋐","5,402,770","219,002,217","40.50","40.95","40.10","40.55"," 0.00","2,929"
"3018","同開","179,530","3,388,720","19.00","19.00","18.70","19.00","+0.15","115"
"3019","亞光","1,688,920","119,916,899","71.30","71.60","70.50","70.80","-0.20","1,223"
"3021","鴻名","36,168","481,583","13.25","13.45","13.20","13.45","+0.20","20"
"3022","威強電","554,340","23,063,624","41.50","42.45","40.40","42.35","+1.60","372"
"3023","信邦","752,104","107,112,476","142.00","144.00","141.50","142.00","-2.00","660"
"3024","憶聲","558,785","4,016,730","7.18","7.24","7.12","7.24","+0.12","107"
"3025","星通","12,000","230,300","19.30","19.30","19.10","19.25","-0.10","10"
"3026","禾伸堂","6,013,514","773,008,306","129.00","131.00","125.50","128.50","-0.50","4,039"
"3027","盛達","249,733","1,982,261","7.77","7.99","7.77","7.93","+0.17","97"
"3028","增你強","204,000","3,921,200","19.15","19.40","19.00","19.40","+0.25","105"
"3029","零壹","794,525","26,132,196","32.90","33.05","32.75","33.05","-0.05","499"
"3030","德律","1,001,545","54,987,778","54.00","55.50","53.90","55.20","+1.10","653"
"3031","佰鴻","486,431","7,225,535","14.90","14.95","14.75","14.80","-0.30","229"
"3032","偉訓","231,542","6,595,278","28.05","28.80","28.05","28.65","-0.15","135"
"3033","威健","590,360","8,873,045","15.00","15.15","14.95","15.10","+0.05","289"
"3034","聯詠","7,531,121","1,570,701,910","204.00","211.00","203.50","210.00","+6.00","5,139"
"3035","智原","2,231,114","96,273,081","42.25","43.85","42.15","43.70","+1.30","1,522"
"3036","文曄","942,536","36,739,126","38.80","39.15","38.75","39.15","+0.25","557"
"3037","欣興","27,425,602","1,230,483,694","45.10","45.50","44.40","44.70","-0.30","11,732"
"3038","全台","8,889,873","170,025,327","18.55","19.40","18.50","19.10","+0.60","3,680"
"3040","遠見","723,871","24,410,984","33.15","34.90","32.55","34.40","+1.25","449"
"3041","揚智","2,969,536","49,947,648","16.45","17.10","16.30","17.05","+0.85","1,369"
"3042","晶技","11,620,436","678,139,524","59.10","59.20","57.20","58.00","-1.70","7,059"
"3043","科風","36,384","54,009","1.50","1.50","1.43","1.43","+0.02","14"
"3044","健鼎","2,894,541","327,554,715","112.50","114.50","111.00","114.00","+1.50","1,499"
"3045","台灣大","1,861,116","200,501,961","108.00","108.00","107.50","107.50","+0.50","831"
"3046","建碁","22,105","275,290","12.35","12.55","12.25","12.50","+0.15","20"
"3047","訊舟","764,252","6,361,482","8.41","8.45","8.29","8.32","-0.09","319"
"3048","益登","4,770,000","86,327,643","18.20","18.35","17.85","17.95","+0.25","2,123"
"3049","和鑫","5,384,347","56,493,289","10.60","10.65","10.35","10.50","-0.15","1,288"
"3050","鈺德","834,704","8,521,300","10.05","10.35","10.05","10.30","+0.25","268"
"3051","力特","116,999","355,615","3.06","3.14","3.02","3.14","+0.04","20"
"3052","夆典","741,351","7,939,672","10.80","10.80","10.55","10.80","+0.05","175"
"3054","立萬利","18,227","436,998","24.20","24.20","23.90","24.00","+0.10","12"
"3055","蔚華科","80,854","2,266,262","27.50","28.20","27.50","28.20","+0.70","59"
"3056","總太","758,411","24,097,387","31.65","31.90","31.60","31.80","-0.05","375"
"3057","喬鼎","393,000","1,808,680","4.55","4.68","4.55","4.62","+0.07","151"
"3058","立德","675,942","4,877,778","7.50","7.50","7.06","7.07","-0.43","226"
"3059","華晶科","1,606,166","35,402,311","22.10","22.30","21.65","22.30","-0.10","787"
"3060","銘異","6,963,045","95,698,619","13.20","13.90","12.95","13.90","+1.25","2,298"
"3062","建漢","1,645,291","24,858,528","15.00","15.25","14.95","15.15","-0.05","632"
"3090","日電貿","3,073,344","163,590,699","53.00","54.00","52.50","53.50","+0.30","2,174"
"3094","聯傑","349,219","6,279,030","18.00","18.30","17.80","18.05","-0.05","209"
"3130","一零四","400","61,200","0.00","0.00","0.00","0.00"," 0.00","4"
"3149","正達","406,062","2,810,077","6.90","6.95","6.86","6.95","+0.02","119"
"3164","景岳","70,052","1,700,631","24.10","24.50","24.05","24.40","+0.40","43"
"3167","大量","328,025","13,906,067","41.60","42.70","41.60","42.70","+1.00","161"
"3189","景碩","3,929,760","209,337,728","53.30","53.90","52.80","53.10","-0.40","2,297"
"3209","全科","505,570","10,097,350","20.00","20.10","19.90","20.00"," 0.00","221"
"3229","晟鈦","73,031","688,871","9.59","9.59","9.36","9.50","+0.22","38"
"3231","緯創","11,044,114","303,942,367","27.50","27.70","27.35","27.55","+0.05","4,824"
"3257","虹冠電","403,224","24,270,549","60.00","60.80","59.90","60.00","-0.80","225"
"3266","昇陽","28,000","363,300","12.90","13.00","12.90","13.00","-0.10","14"
"3296","勝德","28,000","366,450","13.00","13.30","13.00","13.20"," 0.00","21"
"3305","昇貿","59,600","1,187,039","20.05","20.10","19.80","20.00","+0.05","51"
"3308","聯德","11,000","55,000","5.00","5.00","5.00","5.00"," 0.00","6"
"3311","閎暉","532,201","15,428,775","29.65","29.65","28.25","29.00","-0.65","308"
"3312","弘憶股","511,601","7,941,962","15.60","15.65","15.45","15.50","-0.20","232"
"3321","同泰","2,576,683","29,911,198","11.60","11.65","11.20","11.65","+1.05","700"
"3338","泰碩","3,977,100","371,237,568","94.10","94.60","92.50","93.70","-0.20","2,745"
"3346","麗清","2,290,749","64,737,219","28.50","29.40","27.55","27.70","+0.15","1,389"
"3356","奇偶","730,320","17,192,612","23.30","23.95","23.05","23.95","+0.35","461"
"3376","新日興","2,877,745","385,289,330","136.00","137.50","131.50","133.00","-4.50","1,966"
"3380","明泰","4,570,742","119,214,642","26.05","26.20","26.00","26.10","+0.05","2,535"
"3383","新世紀","17,772","82,969","4.69","4.69","4.65","4.65","-0.04","19"
"3406","玉晶光","8,377,502","4,193,193,012","500.00","512.00","489.50","504.00","+4.00","6,789"
"3413","京鼎","3,801,888","690,446,780","177.00","186.00","176.50","185.00","+7.50","2,896"
"3416","融程電","15,416","809,140","52.80","52.80","52.10","52.80","+0.10","17"
"3419","譁裕","279,586","4,082,303","14.65","14.80","14.50","14.65","-0.05","149"
"3432","台端","39,000","431,900","11.05","11.25","11.00","11.15","+0.15","19"
"3437","榮創","3,202,600","61,199,950","19.15","19.30","18.80","19.15","-0.05","1,272"
"3443","創意","1,064,629","234,097,896","220.00","222.00","217.50","221.50","+1.00","876"
"3450","聯鈞","6,980,726","489,452,920","71.20","71.60","69.50","69.80","-2.10","4,799"
"3454","晶睿","215,415","15,081,320","70.50","70.60","69.30","70.10","-0.80","191"
"3481","群創","57,665,256","369,127,161","6.43","6.45","6.36","6.38","-0.07","8,242"
"3494","誠研","286,159","1,039,782","3.62","3.71","3.58","3.63","+0.01","66"
"3501","維熹","97,528","4,375,410","44.95","45.10","44.60","45.10","+0.15","67"
"3504","揚明光","357,087","22,007,750","61.60","62.20","61.30","61.50","-0.20","284"
"3515","華擎","15,235,727","1,981,775,056","128.00","133.50","126.00","127.00"," 0.00","11,307"
"3518","柏騰","917,163","32,235,462","35.25","35.80","34.80","35.20","-0.80","570"
"3528","安馳","162,603","6,218,043","38.70","38.70","38.00","38.30","-0.80","112"
"3530","晶相光","769,713","66,999,056","87.00","87.80","86.20","87.10","-0.20","606"
"3532","台勝科","1,710,808","269,902,972","155.50","161.00","155.00","160.00","+4.50","1,337"
"3533","嘉澤","1,715,226","607,361,552","348.00","359.50","346.00","352.00","+4.00","1,423"
"3535","晶彩科","1,031,100","16,324,500","15.80","16.05","15.65","16.00","-0.05","482"
"3536","誠創","29,000","80,100","2.76","2.77","2.76","2.77","X0.00","10"
"3543","州巧","454,000","8,140,950","17.80","18.10","17.70","17.80","+0.10","252"
"3545","敦泰","60,304,161","1,863,955,609","32.40","32.45","29.25","31.60","-0.50","22,022"
"3550","聯穎","63,000","780,500","12.35","12.40","12.35","12.40","+0.05","33"
"3557","嘉威","3,913,329","292,132,846","76.00","76.70","73.20","74.30","+0.30","2,607"
"3563","牧德","1,468,786","510,795,172","352.00","353.50","342.00","348.00","-5.00","1,349"
"3576","聯合再生","23,156,997","144,527,483","5.92","6.46","5.86","6.26","+0.34","5,138"
"3583","辛耘","223,000","10,722,350","48.95","48.95","47.60","48.20","-0.85","177"
"3588","通嘉","621,676","19,601,223","30.90","32.15","30.90","31.35","+0.15","405"
"3591","艾笛森","115,500","1,470,750","12.60","12.80","12.60","12.75","-0.05","61"
"3593","力銘","46,800","400,302","8.54","8.60","8.50","8.58","+0.04","26"
"3596","智易","2,869,939","249,412,640","87.00","87.60","86.20","87.50","-0.20","2,265"
"3605","宏致","2,696,450","68,812,436","25.15","25.90","24.95","25.75","+0.65","1,300"
"3607","谷崧","303,418","3,783,831","12.45","12.65","12.25","12.40"," 0.00","146"
"3617","碩天","78,000","6,330,500","81.40","81.60","80.70","81.50","+0.10","68"
"3622","洋華","124,000","2,297,650","18.50","18.75","18.45","18.75","+0.25","53"
"3645","達邁","368,650","14,954,937","40.50","40.80","40.35","40.60","-0.15","255"
"3653","健策","1,538,725","335,324,912","219.50","221.50","216.00","218.00","-3.00","1,213"
"3661","世芯-KY","5,038,154","1,391,677,427","272.50","281.00","272.50","273.50","+1.50","4,004"
"3665","貿聯-KY","689,555","129,144,340","185.50","189.00","185.50","187.50","-0.50","556"
"3669","圓展","7,329,004","248,179,333","32.70","34.55","32.60","34.00","+1.45","4,452"
"3673","TPK-KY","2,087,483","88,827,247","42.95","43.00","42.30","42.40","-0.35","1,378"
"3679","新至陞","108,002","6,804,230","62.10","63.70","62.10","63.50","+0.60","98"
"3682","亞太電","2,289,515","15,427,562","6.70","6.80","6.66","6.74","+0.02","658"
"3686","達能","292,060","1,177,676","4.07","4.07","4.01","4.05"," 0.00","91"
"3694","海華","293,063","5,095,062","17.50","17.55","17.15","17.55","+0.05","214"
"3698","隆達","4,076,130","75,856,127","18.70","18.85","18.30","18.70"," 0.00","1,728"
"3701","大眾控","1,998","27,865","0.00","0.00","0.00","0.00"," 0.00","13"
"3702","大聯大","3,812,485","150,106,345","38.90","39.75","38.75","39.25","+0.55","2,204"
"3702A","大聯大甲特","175,200","8,636,109","49.25","49.30","49.25","49.30"," 0.00","88"
"3703","欣陸","597,665","6,887,297","11.45","11.60","11.45","11.55","+0.15","142"
"3704","合勤控","2,036,627","31,943,346","15.55","15.90","15.50","15.55","-0.15","778"
"3705","永信","484,373","22,236,675","46.35","46.35","45.65","45.85","-0.25","341"
"3706","神達","11,338,524","350,478,535","31.25","31.25","30.65","31.00","-0.35","5,517"
"3708","上緯投控","616,651","50,914,043","83.50","83.50","81.80","82.30","-0.50","511"
"3711","日月光投控","6,986,851","471,597,468","66.60","68.30","66.60","68.00","-0.10","3,397"
"3712","永崴投控","312,961","4,370,052","13.90","14.05","13.90","13.90"," 0.00","157"
"4104","佳醫","352,206","19,258,498","54.50","55.00","54.30","54.90","+0.20","288"
"4106","雃博","14,160,455","438,876,200","30.55","32.25","30.20","30.20","+0.75","7,439"
"4108","懷特","509,080","9,838,667","19.25","19.50","19.00","19.25","+0.05","267"
"4119","旭富","4,418,662","621,964,669","137.50","143.00","137.00","141.50","+4.50","3,042"
"4133","亞諾法","19,230,095","955,297,707","47.00","51.40","47.00","51.40","+4.60","10,875"
"4137","麗豐-KY","301,709","58,453,964","194.00","195.00","191.50","194.50","-1.00","262"
"4141","龍燈-KY","107,060","1,574,003","14.65","14.90","14.55","14.65","-0.15","63"
"4142","國光生","58,834,678","2,457,599,489","41.90","42.30","40.85","41.70"," 0.00","24,966"
"4144","康聯-KY","106,901","2,308,572","21.65","21.85","21.40","21.75","+0.05","99"
"4148","全宇生技-KY","97,250","3,578,000","36.20","37.15","36.20","36.80","+0.25","81"
"4155","訊映","582,900","17,236,560","29.00","29.90","28.90","29.85","+0.90","376"
"4164","承業醫","267,070","10,250,754","37.50","38.70","37.50","38.50","+0.55","177"
"4190","佐登-KY","297,000","25,558,200","85.60","86.50","85.60","86.20","+0.80","245"
"4306","炎洲","385,199","4,086,501","10.55","10.70","10.50","10.65","+0.10","165"
"4414","如興","1,209,226","10,796,520","9.07","9.07","8.86","8.87","-0.16","416"
"4426","利勤","309,652","9,603,540","31.00","31.40","30.50","31.10","+0.10","231"
"4438","廣越","143,018","16,590,732","117.00","118.50","115.00","118.50","+1.00","111"
"4439","冠星-KY","74,000","9,610,500","129.00","131.00","128.50","131.00","+2.50","65"
"4526","東台","271,692","3,532,649","13.10","13.10","12.90","13.05","-0.15","114"
"4532","瑞智","873,512","15,440,407","17.85","17.90","17.55","17.60","-0.40","455"
"4536","拓凱","1,213,066","136,236,590","113.00","114.50","110.00","112.50","-2.50","814"
"4540","全球傳動","244,000","12,448,800","50.60","51.80","50.50","51.50","+0.20","187"
"4545","銘鈺","277,000","7,833,250","28.50","28.85","27.70","28.00","-0.20","153"
"4551","智伸科","1,245,601","161,438,731","133.00","133.00","127.00","129.50","-4.50","1,014"
"4552","力達-KY","243,101","7,521,358","31.00","31.15","30.80","30.85","-1.05","172"
"4555","氣立","155,000","8,212,100","53.00","53.60","52.30","53.50","+0.90","122"
"4557","永新-KY","12,205","835,099","68.70","68.80","68.10","68.20","+0.10","17"
"4560","強信-KY","145,000","6,941,350","48.10","48.10","47.70","47.90","-0.10","64"
"4562","穎漢","53,200","904,550","17.00","17.10","16.90","17.05","+0.05","28"
"4564","元翎","581,000","18,019,250","30.70","31.40","30.70","31.40","+0.35","278"
"4566","時碩工業","105,049","3,948,112","38.00","38.00","37.45","37.55","-0.60","80"
"4571","鈞興-KY","45,000","2,756,700","59.70","62.90","59.20","62.90","+3.20","39"
"4572","駐龍","30,200","2,461,200","82.00","82.00","81.00","81.40","-0.80","30"
"4576","大銀微系統","213,500","15,279,399","72.60","72.60","71.00","71.30","-1.80","179"
"4581","光隆精密-KY","25,000","963,350","38.45","38.85","38.05","38.80","+0.80","23"
"4720","德淵","5,579,265","96,796,520","16.75","18.15","16.60","17.55","+0.80","2,338"
"4722","國精化","174,147","4,690,148","26.65","27.10","26.65","26.95","+0.40","101"
"4725","信昌化","512,010","4,547,430","8.92","9.02","8.73","9.00","+0.09","195"
"4737","華廣","33,365","2,129,569","63.00","64.80","62.80","64.60","+1.00","31"
"4739","康普","272,797","17,508,764","63.50","64.90","63.50","64.20","+0.10","222"
"4746","台耀","23,168,246","1,283,145,145","54.00","57.80","53.10","56.20","+3.20","14,380"
"4755","三福化","10,050","454,700","45.40","45.40","45.05","45.25","-0.20","9"
"4763","材料-KY","1,150,463","142,908,641","122.00","127.00","122.00","123.50","+2.00","759"
"4764","雙鍵","16,457","1,051,402","62.60","64.50","62.60","64.50","+1.00","17"
"4766","南寶","109,388","13,684,356","125.50","126.50","124.00","126.50","+0.50","97"
"4807","日成-KY","131,000","3,430,600","24.15","26.85","24.15","26.85","+2.40","107"
"4904","遠傳","1,418,564","94,687,188","66.60","67.20","66.60","66.70"," 0.00","712"
"4906","正文","5,803,452","127,619,905","21.10","22.35","21.10","22.35","+1.05","2,299"
"4912","聯德控股-KY","173,000","14,166,200","83.10","83.10","81.60","81.80","-1.20","77"
"4915","致伸","7,524,003","373,189,802","49.50","50.80","48.50","50.40","+0.75","4,895"
"4916","事欣科","450,400","11,897,428","26.35","26.90","26.15","26.80","+0.20","235"
"4919","新唐","1,367,557","51,597,766","38.00","38.05","37.45","37.95","-0.20","826"
"4927","泰鼎-KY","7,028,828","436,888,444","62.50","62.80","61.60","61.90","-0.20","3,698"
"4930","燦星網","1,580","15,433","9.77","9.77","9.77","9.77","+0.09","13"
"4934","太極","5,644,097","97,452,759","16.30","17.80","16.25","17.35","+0.85","2,278"
"4935","茂林-KY","5,459,314","704,230,032","129.00","132.00","126.00","126.50"," 0.00","3,899"
"4938","和碩","6,118,338","405,073,929","66.00","66.50","65.80","66.50","+0.50","2,651"
"4942","嘉彰","412,287","14,004,321","33.70","34.70","33.40","34.05","+0.30","316"
"4943","康控-KY","1,618,528","197,267,444","121.50","124.00","119.50","123.00","+0.50","1,274"
"4952","凌通","150,030","4,391,085","29.10","29.45","29.10","29.40"," 0.00","94"
"4956","光鋐","1,863,500","31,535,949","17.40","17.40","16.70","16.85","-0.30","489"
"4958","臻鼎-KY","6,662,705","773,925,041","116.50","118.00","114.00","117.50","+0.50","3,951"
"4960","誠美材","1,188,750","8,019,840","6.65","6.85","6.65","6.78","+0.13","337"
"4961","天鈺","350,000","9,672,700","27.95","28.00","27.40","27.70","-0.25","213"
"4967","十銓","2,991,450","121,765,757","40.50","41.25","40.30","40.70","+0.05","1,584"
"4968","立積","2,245,817","385,991,341","171.00","174.00","169.50","173.00"," 0.00","1,744"
"4976","佳凌","305,184","5,530,229","18.40","18.50","17.90","18.10","-0.30","185"
"4977","眾達-KY","2,384,197","288,380,337","120.00","123.00","119.00","120.50","+1.50","1,652"
"4989","榮科","141,000","2,755,950","19.30","19.80","19.30","19.55","-0.20","92"
"4994","傳奇","105,593","7,063,555","67.40","67.40","66.30","66.30"," 0.00","98"
"4999","鑫禾","87,100","3,502,116","40.10","40.80","40.00","40.55","+0.10","69"
"5007","三星","78,641","3,532,966","45.00","45.10","44.80","45.10","+0.05","54"
"5203","訊連","435,581","50,648,977","116.50","118.00","114.50","117.50","+1.00","326"
"5215","科嘉-KY","1,932,065","140,144,199","72.00","73.90","71.80","71.80","+0.20","1,314"
"5225","東科-KY","2,491,582","70,371,077","28.45","29.70","27.00","27.40","-1.05","1,399"
"5234","達興材料","197,055","17,255,744","88.50","88.50","87.00","87.90","-0.80","179"
"5243","乙盛-KY","786,214","24,220,725","31.10","31.10","30.50","30.90","-0.45","502"
"5258","虹堡","148,265","3,695,204","25.10","25.20","24.75","25.05","-0.05","98"
"5264","鎧勝-KY","1,262,841","55,798,570","44.85","44.95","43.80","44.20","-0.55","791"
"5269","祥碩","1,715,217","1,630,262,405","924.00","968.00","921.00","968.00","+38.00","1,680"
"5283","禾聯碩","251,553","25,277,329","100.50","101.50","99.60","100.50","+0.90","212"
"5284","jpp-KY","310,355","12,788,483","40.95","42.90","40.40","41.10","+1.75","222"
"5285","界霖","207,337","9,134,128","44.50","44.50","43.85","44.00","-0.60","136"
"5288","豐祥-KY","486,407","44,899,371","94.30","94.30","90.70","92.50","-1.70","357"
"5305","敦南","989,920","40,860,706","41.25","41.35","41.20","41.35","+0.20","515"
"5388","中磊","716,763","52,256,078","72.00","73.60","72.00","73.60","+1.60","536"
"5434","崇越","1,010,207","103,323,821","102.00","103.00","101.50","103.00","+0.50","690"
"5469","瀚宇博","6,601,591","258,131,527","39.50","39.60","38.85","39.05","-0.65","3,670"
"5471","松翰","17,532,712","1,059,769,532","60.10","61.60","59.30","61.00","+0.20","9,468"
"5484","慧友","25,000","213,610","8.55","8.60","8.49","8.60"," 0.00","10"
"5515","建國","190,600","1,900,293","9.93","10.00","9.91","9.99","-0.01","50"
"5519","隆大","1,055,434","15,548,181","14.65","14.80","14.65","14.75","+0.10","386"
"5521","工信","3,580,950","28,953,297","8.08","8.17","8.00","8.15"," 0.00","834"
"5522","遠雄","2,020,374","90,627,113","44.30","45.15","44.00","45.00","+0.50","1,158"
"5525","順天","15,432","311,876","20.00","20.30","20.00","20.20","-0.05","15"
"5531","鄉林","469,035","4,147,506","8.92","8.92","8.80","8.85","-0.07","180"
"5533","皇鼎","79,145","1,222,290","15.40","15.60","15.20","15.45","-0.05","20"
"5534","長虹","383,645","31,327,017","81.60","82.00","81.20","81.90","-0.20","277"
"5538","東明-KY","0","0","0.00","0.00","0.00","0.00"," 0.00","0"
"5607","遠雄港","566,665","12,448,895","21.90","22.10","21.85","22.10","+0.10","216"
"5608","四維航","201,878","1,123,717","5.68","5.68","5.52","5.61","+0.01","78"
"5706","鳳凰","85,574","2,727,536","31.70","32.10","31.45","31.90","+0.20","77"
"5871","中租-KY","4,414,496","505,442,008","113.50","116.50","112.50","116.50","+0.50","2,561"
"5876","上海商銀","2,654,148","114,665,829","43.05","43.50","43.05","43.10","-0.35","1,643"
"5880","合庫金","9,120,801","182,823,963","19.95","20.15","19.90","20.05","+0.05","2,683"
"5906","台南-KY","63,000","1,075,350","17.10","17.35","16.75","17.35","+0.40","38"
"5907","大洋-KY","180,000","4,333,050","24.25","24.25","23.95","24.00","-0.20","111"
"6005","群益證","1,284,011","12,810,453","9.98","10.05","9.94","9.99","-0.01","1,391"
"6024","群益期","291,985","11,180,017","38.40","38.50","38.00","38.50","+0.05","154"
"6108","競國","352,956","8,158,532","23.20","23.25","23.00","23.20","-0.05","176"
"6112","聚碩","914,934","35,705,563","39.30","39.30","38.70","39.20","-0.25","614"
"6115","鎰勝","56,162","2,444,029","43.60","43.60","43.40","43.50","-0.10","44"
"6116","彩晶","13,589,819","83,848,712","6.22","6.26","6.11","6.17","-0.07","2,574"
"6117","迎廣","12,000","188,200","15.30","15.80","15.30","15.80","+0.25","6"
"6120","達運","1,152,981","13,064,132","11.35","11.40","11.25","11.30","-0.10","395"
"6128","上福","48,511","1,395,214","28.85","28.85","28.50","28.85"," 0.00","40"
"6131","鈞泰","13,315","36,977","2.78","2.78","2.78","2.78"," 0.00","4"
"6133","金橋","7,000","50,050","7.15","7.15","7.15","7.15","+0.02","4"
"6136","富爾特","88,390","1,661,499","18.65","18.85","18.65","18.85","+0.15","47"
"6139","亞翔","212,124","5,450,011","25.80","25.80","25.60","25.70","-0.10","127"
"6141","柏承","859,021","16,100,846","18.70","19.00","18.60","19.00","+0.30","412"
"6142","友勁","288,799","2,021,099","7.13","7.13","6.96","7.10","-0.03","42"
"6152","百一","183,120","1,127,036","6.12","6.20","6.12","6.17","+0.02","60"
"6153","嘉聯益","5,299,245","152,182,084","29.20","29.25","28.30","28.75","-0.75","2,892"
"6155","鈞寶","522,590","13,569,640","26.35","26.35","25.60","25.90","-0.10","323"
"6164","華興","139,868","797,788","5.66","5.75","5.58","5.75","+0.05","62"
"6165","捷泰","406,121","10,718,270","26.80","27.40","25.90","26.35","-0.60","208"
"6166","凌華","1,510,304","100,835,280","65.70","69.70","65.20","65.50"," 0.00","1,130"
"6168","宏齊","283,155","3,533,750","12.45","12.60","12.40","12.60","+0.15","148"
"6172","互億","448,346","10,741,601","24.00","24.40","23.50","24.05","+0.05","217"
"6176","瑞儀","3,605,926","356,646,300","98.10","99.50","97.90","99.20","+1.30","2,350"
"6177","達麗","819,774","23,521,688","28.60","28.85","28.60","28.70"," 0.00","337"
"6183","關貿","39,049","1,646,425","42.20","42.35","42.05","42.15","-0.05","37"
"6184","大豐電","151,028","6,374,126","42.20","42.35","42.10","42.15","-0.05","86"
"6189","豐藝","184,760","6,241,517","33.80","33.90","33.55","33.80"," 0.00","132"
"6191","精成科","2,660,593","37,168,241","14.05","14.10","13.90","14.00","-0.15","820"
"6192","巨路","122,024","7,927,384","65.00","65.80","64.00","65.80","+0.60","109"
"6196","帆宣","3,662,100","281,032,400","76.50","77.90","74.90","77.80","+1.80","2,485"
"6197","佳必琪","299,700","9,688,273","32.40","32.45","32.25","32.40"," 0.00","196"
"6201","亞弘電","47,000","1,570,250","33.30","33.55","33.25","33.30"," 0.00","30"
"6202","盛群","1,034,316","68,528,110","66.30","66.60","66.00","66.20","-0.10","613"
"6205","詮欣","59,190","1,467,720","24.70","24.95","24.70","24.85","+0.15","21"
"6206","飛捷","191,191","12,989,064","67.80","68.30","67.50","68.00"," 0.00","131"
"6209","今國光","313,510","7,179,178","23.00","23.10","22.70","23.05","-0.05","186"
"6213","聯茂","3,965,136","581,031,047","146.00","148.50","143.50","147.50","+1.00","2,862"
"6214","精誠","551,649","43,437,093","78.00","79.20","77.90","79.20","+1.00","443"
"6215","和椿","952,083","14,479,223","14.65","15.50","14.65","15.20","+0.45","452"
"6216","居易","118,375","3,259,024","27.35","27.70","27.35","27.50","+0.05","67"
"6224","聚鼎","212,300","13,182,489","62.00","62.60","61.50","62.10","-0.40","166"
"6225","天瀚","0","0","0.00","0.00","0.00","0.00"," 0.00","0"
"6226","光鼎","4,674,304","39,977,137","8.90","8.97","8.30","8.32","-0.57","1,602"
"6230","超眾","1,363,525","344,558,275","258.50","259.00","250.00","251.00","-5.50","1,151"
"6235","華孚","385,500","3,971,499","10.50","10.50","10.10","10.45"," 0.00","197"
"6239","力成","4,759,148","505,358,836","103.50","108.00","103.50","107.50","+3.50","2,781"
"6243","迅杰","144,301","1,383,654","9.50","9.80","9.50","9.80","+0.24","76"
"6251","定穎","16,422,174","313,664,363","19.30","19.60","18.85","18.90","-0.55","6,080"
"6257","矽格","4,228,665","160,263,450","37.85","38.30","37.50","38.15","+0.40","2,274"
"6269","台郡","6,050,074","649,620,992","108.00","109.00","106.50","107.00","-2.00","4,101"
"6271","同欣電","7,376,468","980,829,116","128.50","137.50","128.00","136.50","+7.50","4,517"
"6277","宏正","164,280","14,774,921","89.00","90.50","89.00","90.50","+1.00","138"
"6278","台表科","14,921,159","1,487,053,494","104.00","104.00","98.00","98.40","-5.60","10,330"
"6281","全國電","23,150","1,557,738","67.00","67.50","67.00","67.40","+0.20","24"
"6282","康舒","1,149,024","23,549,644","20.50","20.65","20.35","20.55","+0.05","492"
"6283","淳安","715,350","15,834,441","21.95","22.45","21.90","22.20","+0.40","425"
"6285","啟碁","2,124,852","134,710,062","63.60","64.00","63.00","63.80","-0.60","1,616"
"6288","聯嘉","1,295,000","25,087,100","19.25","19.60","19.00","19.45","-0.05","563"
"6289","華上","10,200","17,439","1.71","1.71","1.71","1.71"," 0.00","12"
"6405","悅城","29,000","435,850","15.00","15.10","14.95","15.10","+0.10","21"
"6409","旭隼","73,174","55,329,892","760.00","763.00","741.00","754.00","-9.00","84"
"6412","群電","919,052","59,215,340","64.20","64.90","63.90","64.70","+0.10","717"
"6414","樺漢","979,248","190,723,724","190.50","197.00","190.00","197.00","+5.50","785"
"6415","矽力-KY","1,366,553","1,816,694,960","1,315.00","1,365.00","1,295.00","1,325.00","+25.00","1,219"
"6416","瑞祺電通","1,070,601","140,939,731","133.50","135.00","129.00","131.00","-2.00","880"
"6431","光麗-KY","56,000","1,293,850","23.85","23.90","23.00","23.00","-0.05","30"
"6442","光聖","12,650","458,840","36.20","37.00","36.00","36.95","+0.75","13"
"6443","元晶","4,542,271","29,868,660","6.44","6.74","6.35","6.60","+0.28","1,252"
"6449","鈺邦","86,100","2,726,360","31.70","32.00","31.35","31.80","+0.10","67"
"6451","訊芯-KY","864,180","95,359,570","111.00","112.00","109.50","110.50","-1.00","630"
"6452","康友-KY","695,448","111,061,232","161.00","162.00","158.50","158.50","-1.50","477"
"6456","GIS-KY","2,349,603","230,544,903","98.50","99.00","97.10","99.00","+0.20","1,426"
"6464","台數科","19,000","2,169,000","114.00","114.50","114.00","114.50"," 0.00","14"
"6477","安集","110,000","2,229,700","20.15","20.50","20.10","20.20","+0.05","78"
"6491","晶碩","79,100","9,976,049","125.50","127.50","125.50","126.00","-0.50","68"
"6504","南六","6,174,270","1,496,283,420","233.50","251.50","233.00","247.50","+17.50","4,870"
"6505","台塑化","4,228,323","364,510,676","86.00","87.60","85.10","87.60","+1.10","2,748"
"6525","捷敏-KY","147,670","8,804,927","59.70","59.90","59.30","59.80"," 0.00","128"
"6531","愛普","1,670,195","358,781,205","211.00","219.50","211.00","219.50","+7.50","1,186"
"6533","晶心科","373,632","39,799,937","106.50","108.00","105.50","106.50","+0.50","294"
"6541","泰福-KY","113,099","4,444,610","39.05","39.60","38.80","39.40","+0.60","92"
"6552","易華電","1,937,097","115,562,034","58.20","61.40","57.70","61.00","+2.00","1,351"
"6558","興能高","3,084,113","150,329,126","47.25","49.85","47.25","48.50","+0.50","2,199"
"6573","虹揚-KY","60,001","1,121,268","18.55","18.95","18.20","18.80","+0.25","27"
"6579","研揚","46,110","2,932,672","64.20","64.20","63.00","64.00","-0.20","40"
"6581","鋼聯","48,028","2,900,292","60.50","61.10","59.60","61.00"," 0.00","46"
"6582","申豐","2,003,321","216,496,631","103.00","111.00","102.00","111.00","+10.00","1,358"
"6591","動力-KY","654,259","30,178,538","45.60","46.80","45.55","45.95","-0.20","453"
"6592","和潤企業","1,497,610","119,549,780","80.00","80.50","79.30","80.20","+0.60","1,063"
"6605","帝寶","89,400","4,074,305","45.45","46.00","44.90","45.85","+0.35","89"
"6625","必應","7,164","275,070","38.35","38.85","38.30","38.85","-0.10","10"
"6641","基士德-KY","75,000","5,093,500","67.80","68.20","67.50","68.20","+0.10","26"
"6655","科定","40,212","1,670,640","41.50","41.70","41.50","41.70","-0.05","11"
"6666","羅麗芬-KY","47,000","5,705,500","120.50","123.00","120.50","121.50","+0.50","45"
"6668","中揚光","447,007","28,038,641","63.50","63.60","62.20","62.50","-0.80","341"
"6669","緯穎","1,437,983","1,195,315,805","833.00","846.00","820.00","829.00","-7.00","1,327"
"6670","復盛應用","549,993","86,529,896","157.50","159.00","156.00","156.50","+1.00","479"
"6671","三能-KY","55,000","2,017,950","36.35","36.95","36.35","36.95","+0.60","36"
"6672","騰輝電子-KY","771,150","69,262,700","89.00","90.30","89.00","89.70","+0.90","592"
"6674","鋐寶科技","2,420","60,566","25.15","25.15","25.00","25.00","+0.20","3"
"6698","旭暉應材","130,000","7,232,000","55.00","56.50","55.00","56.00","-0.60","96"
"6706","惠特","4,602,367","604,389,590","130.00","136.50","125.50","136.50","+4.50","3,458"
"6715","嘉基","362,011","36,461,744","104.00","104.00","99.60","100.50","-4.00","267"
"8011","台通","1,845,426","33,277,142","17.85","18.20","17.75","18.05","+0.25","787"
"8016","矽創","1,033,070","152,714,000","146.50","149.00","146.00","148.50","+1.00","722"
"8021","尖點","5,173,010","106,983,151","20.75","21.20","20.35","20.80","-0.10","1,007"
"8028","昇陽半導體","2,937,400","149,036,400","51.40","51.70","50.10","50.50","-1.20","1,775"
"8033","雷虎","351,400","2,566,855","7.38","7.43","7.25","7.29","-0.13","154"
"8039","台虹","2,209,582","108,595,168","48.75","49.80","48.20","49.70","+1.20","1,480"
"8046","南電","10,327,264","756,390,481","72.60","74.70","72.30","72.80","+1.00","7,031"
"8070","長華","92,333","14,501,781","158.00","158.00","156.50","157.00","-1.00","94"
"8072","陞泰","97,006","2,097,928","21.65","21.85","21.35","21.60","-0.25","79"
"8081","致新","3,635,403","507,520,620","137.50","141.00","136.50","140.00","+3.50","2,077"
"8101","華冠","3,139,058","16,523,107","5.27","5.32","5.01","5.32","+0.48","634"
"8103","瀚荃","88,615","2,139,636","24.10","24.25","24.05","24.25","-0.15","62"
"8104","錸寶","2,157,825","91,404,725","39.60","43.25","39.60","43.25","+3.90","1,419"
"8105","凌巨","786,234","7,363,617","9.34","9.42","9.33","9.35","-0.14","315"
"8110","華東","1,668,144","16,877,403","10.20","10.25","10.05","10.20","+0.05","338"
"8112","至上","4,376,647","142,084,073","32.85","32.85","32.25","32.40","-0.40","1,962"
"8114","振樺電","40,060","3,643,560","91.00","91.40","90.10","90.80","-0.20","31"
"8131","福懋科","590,250","22,355,799","37.80","38.15","37.70","37.80","+0.35","356"
"8150","南茂","5,011,905","162,022,059","32.15","32.50","32.10","32.40","+0.10","2,352"
"8163","達方","2,205,595","81,333,453","36.85","37.15","36.75","36.90","-0.25","1,096"
"8201","無敵","36,004","297,242","8.12","8.31","8.12","8.30","+0.02","26"
"8210","勤誠","1,802,226","169,289,988","91.50","95.20","91.50","94.60","+2.20","1,424"
"8213","志超","12,071,973","429,297,585","35.95","36.30","34.80","35.50","-0.45","4,685"
"8215","明基材","1,760,102","29,869,590","16.95","17.25","16.80","16.85","-0.15","777"
"8222","寶一","101,168","1,363,768","13.35","13.65","13.35","13.40","+0.10","69"
"8249","菱光","109,051","2,041,624","18.70","18.80","18.60","18.80","+0.05","65"
"8261","富鼎","900,944","23,123,913","25.70","25.80","25.45","25.80","+0.30","341"
"8271","宇瞻","3,031,917","144,882,717","46.55","48.40","46.50","48.10","+1.50","1,979"
"8341","日友","57,627","14,712,266","255.00","256.50","253.00","256.00","+0.50","70"
"8367","建新國際","61,000","1,533,650","25.20","25.30","25.05","25.15","-0.25","53"
"8374","羅昇","120,860","2,588,950","21.40","22.00","21.15","21.20"," 0.00","80"
"8404","百和興業-KY","324,392","9,466,459","29.90","29.90","28.80","29.05","-0.45","233"
"8411","福貞-KY","115,592","1,254,007","10.90","11.00","10.75","11.00"," 0.00","49"
"8422","可寧衛","152,937","23,465,263","153.00","154.00","153.00","153.50","+0.50","152"
"8427","基勝-KY","3,000","145,250","49.50","49.50","47.80","47.95","-0.30","3"
"8429","金麗-KY","291,566","2,166,603","7.45","7.52","7.38","7.40","-0.15","152"
"8442","威宏-KY","18,000","768,250","43.00","43.05","42.30","43.05"," 0.00","13"
"8443","阿瘦","35,283","306,687","8.52","8.75","8.52","8.71","+0.11","30"
"8454","富邦媒","793,071","402,723,000","527.00","527.00","498.00","499.50","-43.50","810"
"8462","柏文","253,162","44,276,850","176.50","176.50","173.50","174.50","-2.00","326"
"8463","潤泰材","107,001","4,158,191","38.40","39.40","38.40","38.80","+0.40","85"
"8464","億豐","420,177","99,958,272","233.50","241.00","233.00","236.00","+0.50","325"
"8466","美吉吉-KY","4,000","259,700","65.00","65.00","64.90","64.90","-0.50","4"
"8467","波力-KY","3,000","144,400","48.80","48.80","47.60","47.60","-0.40","3"
"8473","山林水","19,108","810,850","41.75","42.90","41.75","42.55","+0.75","20"
"8478","東哥遊艇","312,088","11,639,470","36.10","38.25","35.30","37.00","+2.00","204"
"8480","泰昇-KY","44,100","6,160,900","140.00","140.00","139.00","140.00","+1.00","44"
"8481","政伸","10,002","583,114","58.50","58.50","58.00","58.00","-0.30","7"
"8482","商億-KY","98,000","9,507,100","96.00","98.70","96.00","96.20"," 0.00","51"
"8488","吉源-KY","18,550","263,760","14.15","14.55","14.10","14.30","+0.15","15"
"8497","格威傳媒","1,000","67,500","67.50","67.50","67.50","67.50","+0.10","1"
"8499","鼎炫-KY","144,200","15,043,600","103.50","106.00","102.00","105.50","+2.00","121"
"8926","台汽電","1,538,038","53,370,204","34.55","34.85","34.55","34.65","+0.25","874"
"8940","新天地","490,260","4,992,715","9.80","10.45","9.60","10.15","+0.65","194"
"8996","高力","5,992,652","409,837,461","68.80","70.00","66.60","68.00","-2.10","4,600"
"9103","美德醫療-DR","5,396,250","26,983,510","5.11","5.11","4.88","5.09","+0.29","978"
"910322","康師傅-DR","8,000","223,100","27.75","27.95","27.75","27.95","+0.20","4"
"910482","聖馬丁-DR","3,165,091","815,672","0.24","0.26","0.24","0.26","+0.01","70"
"9105","泰金寶-DR","1,281,624","3,082,583","2.40","2.42","2.40","2.41","-0.01","124"
"910861","神州-DR","7,000","59,670","8.51","8.55","8.50","8.55","+0.05","4"
"9110","越南控-DR","13,000","17,560","1.34","1.37","1.34","1.35","-0.01","7"
"911608","明輝-DR","93,000","111,180","1.20","1.24","1.19","1.24","+0.03","6"
"911616","杜康-DR","78,000","69,780","0.90","0.90","0.88","0.88","-0.02","25"
"911622","泰聚亨-DR","2,000","19,000","9.50","9.50","9.50","9.50","X0.00","2"
"911868","同方友友-DR","18,000","17,390","0.98","0.98","0.94","0.97","-0.01","7"
"912000","晨訊科-DR","177,000","333,310","1.85","1.90","1.85","1.90","+0.05","13"
"912398","友佳-DR","196,000","454,140","2.38","2.57","2.29","2.57","+0.16","23"
"9136","巨騰-DR","273,000","2,613,150","9.45","9.80","9.41","9.70","+0.23","87"
"9188","精熙-DR","100,000","251,220","2.51","2.52","2.50","2.51","-0.01","24"
"9802","鈺齊-KY","951,250","84,476,800","87.90","89.30","87.80","88.60"," 0.00","768"
"9902","台火","147,031","1,303,203","8.83","8.97","8.82","8.93","+0.04","101"
"9904","寶成","7,816,926","215,611,690","27.60","27.70","27.50","27.55","-0.20","3,262"
"9905","大華","88,005","1,875,857","21.30","21.35","21.25","21.35","+0.05","45"
"9906","欣巴巴","67,497","1,440,287","20.55","21.90","20.55","21.45","-0.40","30"
"9907","統一實","1,384,507","12,097,129","8.80","8.80","8.70","8.75","-0.09","683"
"9908","大台北","98,690","2,985,562","30.35","30.35","30.10","30.30"," 0.00","57"
"9910","豐泰","1,169,245","184,388,955","156.00","159.50","155.50","158.00","+0.50","893"
"9911","櫻花","420,642","19,443,901","46.00","46.50","45.65","46.40","-0.35","339"
"9912","偉聯","43,404","293,257","6.60","6.84","6.60","6.82","+0.14","28"
"9914","美利達","643,087","97,463,724","153.00","153.00","150.50","152.00"," 0.00","520"
"9917","中保科","333,471","28,758,026","86.00","86.60","86.00","86.20","-0.30","271"
"9918","欣天然","6,000","205,350","34.35","34.40","34.00","34.40","+0.05","6"
"9919","康那香","14,554,641","445,071,266","30.60","32.00","29.50","31.35","+1.65","4,861"
"9921","巨大","1,757,172","336,852,524","189.50","194.00","189.00","193.00","+1.00","1,530"
"9924","福興","117,153","4,733,384","40.70","40.70","40.25","40.45","-0.25","80"
"9925","新保","197,190","7,114,735","36.10","36.20","36.00","36.15","+0.05","105"
"9926","新海","10","419","0.00","0.00","0.00","0.00"," 0.00","1"
"9927","泰銘","96,652","2,895,910","29.85","30.05","29.85","30.00","-0.40","69"
"9928","中視","8,310","29,968","3.61","3.61","3.61","3.61","+0.30","7"
"9929","秋雨","39,701","489,181","13.00","13.00","12.00","12.35","+0.20","22"
"9930","中聯資源","74,430","3,280,430","44.00","44.50","43.90","44.10","-0.05","66"
"9931","欣高","1,000","41,000","41.00","41.00","41.00","41.00","X0.00","1"
"9933","中鼎","2,287,139","77,700,985","34.15","34.15","33.65","33.90","-0.35","1,706"
"9934","成霖","2,142,850","26,928,519","12.80","12.90","12.35","12.40","-0.65","797"
"9935","慶豐富","709,176","20,150,416","28.10","28.80","28.10","28.35","-0.15","369"
"9937","全國","53,242","2,367,625","43.85","45.50","43.85","44.80","+0.95","44"
"9938","百和","2,287,441","144,375,191","63.20","63.90","62.60","62.80","+0.30","1,663"
"9939","宏全","1,138,359","62,587,345","54.60","55.30","54.60","55.30","+0.30","379"
"9940","信義","236,702","6,119,812","26.05","26.05","25.75","25.85","-0.30","171"
"9941","裕融","178,292","17,757,300","99.50","100.00","99.20","99.90","-0.10","192"
"9941A","裕融甲特","17,000","895,900","52.70","52.70","52.70","52.70"," 0.00","6"
"9942","茂順","36,200","2,349,799","64.90","65.40","64.50","65.10","+0.10","31"
"9943","好樂迪","105,634","6,653,409","62.70","63.20","62.70","63.10"," 0.00","101"
"9944","新麗","1,128,210","22,255,556","19.60","19.95","19.20","19.95","+0.70","640"
"9945","潤泰新","2,159,339","94,988,331","43.85","44.20","43.80","44.10","+0.25","1,415"
"9946","三發地產","309,574","4,606,542","14.80","15.25","14.80","15.20","-0.05","144"
"9955","佳龍","251,455","3,906,887","15.90","15.90","15.35","15.60","-0.10","203"
"9958","世紀鋼","6,492,279","562,431,345","87.40","88.70","85.70","85.90","-1.50","4,507"
